entry_id,system,material,material_class,evidence,method,regime,year,doi,arxiv_id,openalex_id,title,journal,note,work_id
NEC-0001,carbon nanotube,carbon nanotube (FET),1D carbon,theory,device simulation (self-consistent),device,2004,10.48550/arxiv.cond-mat/0412540,cond-mat/0412540,W1517127111,Negative Quantum Capacitance of Carbon Nanotube Field-Effect Transistors,arXiv (Cornell University),,W0027
NEC-0002,carbon nanotube,carbon nanotube (gated),1D carbon,theory,theory (quantum capacitance model),device,2005,10.1103/physrevb.72.035455,,W2073628152,Negative quantum capacitance of gated carbon nanotubes,Physical Review B,,W0031
NEC-0003,carbon nanotube,"carbon nanotube (FET, DFT)",1D carbon,theory,DFT,device,2007,10.1109/tnano.2006.886782,,W2158929345,DFT Modeling of Bulk-Modulated Carbon Nanotube Field-Effect Transistors,IEEE Transactions on Nanotechnology,,W0038
NEC-0004,carbon nanotube,carbon nanotube (FET),1D carbon,theory,device simulation,device,2012,10.1109/iscas.2012.6271955,,,Exploiting negative quantum capacitance of carbon nanotube FETs for low power applications,ISCAS 2012,device simulation; added from carbon search,A0001
NEC-0005,black phosphorus,black phosphorus (holes),2D semiconductor,experiment,capacitance,low density (holes),2015,10.48550/arxiv.1510.08262,,W2587427998,Negative Compressibility in Graphene-terminated Black Phosphorus Heterostructures,DSpace@MIT (Massachusetts Institute of Technology),"graphene-terminated, hBN-encapsulated",W0099
NEC-0006,phosphorene e-h double monolayer,phosphorene e-h double monolayer,2D semiconductor,theory,theory (CDW model),electron-hole bilayer,2018,10.1103/physrevb.98.245115,1811.12268,W2903095434,Anisotropic charge density wave in electron-hole double monolayers: Applied to phosphorene,Physical review. B./Physical review. B,NEC assumed,W0155
NEC-0007,GaAs double quantum well,GaAs double quantum well (FET),III-V,experiment,capacitance and magnetocapacitance,low density; quantum Hall,2019,10.1134/s002136401918005x,,W2990075118,Quantum Effects in the Capacitance of Field-Effect Transistors with a Double Quantum Well,Journal of Experimental and Theoretical Physics Letters,,W0179
NEC-0008,GaAs double quantum well,GaAs double quantum well,III-V,experiment,magnetotransport (QHE),low density,2020,10.1088/1361-6641/ab9324,2002.05402,W3024426364,A novel planar back-gate design to control the carrier concentrations in GaAs-based double quantum wells,Semiconductor Science and Technology,,W0184
NEC-0009,GaAs double quantum well,"GaAs double quantum well (wide/double, dual-gate FET)",III-V,experiment,capacitance and magnetocapacitance,quantum Hall bilayer,2021,10.1134/s1027451021060070,,W4200395224,Quantum Capacitance of a Dual-Gate Field-Effect Transistor,Journal of Surface Investigation X-ray Synchrotron and Neutron Techniques,,W0226
NEC-0010,GaAs double quantum well,"GaAs double quantum well (wide well, QH)",III-V,indirect,magnetotransport,quantum Hall,2023,10.1134/s0021364023601367,,W4385449445,Giant Spatial Redistribution of Electrons in a Wide Quantum Well Induced by Quantizing Magnetic Field,Journal of Experimental and Theoretical Physics Letters,NEC proposed as cause,W0266
NEC-0011,GaAs/AlGaAs 2DEG,GaAs/AlGaAs 2DEG (double-layer),III-V,experiment,penetration-field capacitance,"low density, B=0; quantum Hall",1992,10.1103/physrevlett.68.674,,W2054951637,Negative compressibility of interacting two-dimensional electron and quasiparticle gases,Physical Review Letters,Eisenstein 1992; penetration field; abstract does not name GaAs,W0000
NEC-0012,GaAs/AlGaAs 2DEG,GaAs/AlGaAs 2DEG (double-layer 2DEG and 2DHG),III-V,experiment,compressibility via double-layer detection,low density,1996,10.1063/1.116045,,W2019173834,Compressibility studies of double electron and double hole gas systems,Applied Physics Letters,NEC stronger for holes,W0006
NEC-0013,GaAs/AlGaAs 2DEG,"GaAs/AlGaAs 2DEG (bilayer, nu_T=1)",III-V,experiment,magnetotransport + modeling,quantum Hall bilayer,2008,10.1103/physrevb.78.205310,0808.1257,W1547623014,Charge imbalance and bilayer two-dimensional electron systems at νT=1,Physical Review B,NEC explains interlayer charge transfer,W0042
NEC-0014,GaAs/AlGaAs 2DEG,GaAs/AlGaAs 2DEG (bubble/stripe phases),III-V,indirect,microwave permittivity,quantum Hall (bubble/stripe),2016,10.48550/arxiv.1608.05210,1608.05210,W2517965796,Negative permittivity attests to local attractive interactions in bubble and stripe phases,arXiv (Cornell University),NEC inferred from negative permittivity,W0127
NEC-0015,III-V quantum well,III-V quantum well (indirect excitons),III-V,indirect,photocapacitance,indirect excitons,2021,10.1016/j.mtelec.2023.100039,2107.13518,W3183371207,Tailoring Quantum Oscillations of Excitonic Schrodinger Cats as Qubits,arXiv (Cornell University),NQC from photocapacitance,W0230
NEC-0016,Ti3CNTx MXene,Ti3CNTx MXene,MXene,experiment,XPS core-level shift,surface doping,2021,10.1063/5.0039918,,W3147834835,Spectroscopic signature of negative electronic compressibility from the Ti core-level of titanium carbonitride MXene,Applied Physics Reviews,core-level shift,W0229
NEC-0017,n-type Si,n-type Si (doped bulk),Si,theory,theory (STLS dielectric function),"low density, 77 K",1992,10.1103/physrevb.46.15123,,W2041567139,Theory of screening and electron mobility: Application ton-type silicon,"Physical review. B, Condensed matter","STLS theory, 77 K",W0001
NEC-0018,MoS2,MoS2 (graphene-MoS2 heterostructure),TMD,experiment,magnetotransport (Landau level sensing),low density,2014,10.1021/nl500212s,1402.1981,W2041113876,Band Offset and Negative Compressibility in Graphene-MoS2 Heterostructures,Nano Letters,,W0078
NEC-0019,MoS2,MoS2 (mono/bilayer),TMD,experiment,capacitance,low density,2020,10.48550/arxiv.2002.01114,2002.01114,W3004550505,Negative compressibility in MoS2 capacitance,arXiv (Cornell University),capacitance enhancement,W0199
NEC-0020,MoS2,MoS2 (gate stack NQCFET),TMD,experiment,device (NQC FET),device,2023,10.1007/s11432-023-3763-3,,W4377245707,A novel negative quantum capacitance field-effect transistor with molybdenum disulfide integrated gate stack and steep subthreshold swing for ultra-low power applications,Science China Information Sciences,,W0253
NEC-0021,MoS2,MoS2 (bulk surface),TMD,experiment,ARPES/XPS with surface doping,surface doping,2025,10.1088/2053-1583/ada622,2409.11886,W4406124031,Reversal of charge transfer doping on the negative electronic compressibility surface of MoS2,2D Materials,,W0334
NEC-0022,WSe2,WSe2 (K-dosed surface),TMD,experiment,ARPES with K surface doping,surface doping,2015,10.1038/nnano.2015.217,,W7145839998,Negative Electronic Compressibility and Tunable Spin Splitting in WSe2,Nature Nanotechnology,ARPES,W0100
NEC-0023,WSe2/WS2 moire,WSe2/WS2 moire,TMD,experiment,chemical potential sensing,moire flat band,2023,10.48550/arxiv.2308.08134,2308.08134,W4385965625,Measurements of Correlated Insulator Gaps in a Transition Metal Dichalcogenide Moiré Superlattice,arXiv (Cornell University),,W0270
NEC-0024,WSe2/WS2 moire,WSe2/WS2 moire (optical sensing),TMD,experiment,chemical potential sensing (optical),moire flat band,2024,10.1038/s41566-024-01377-3,2304.09514,W4391262375,Optical readout of the chemical potential of two-dimensional electrons,Nature Photonics,,W0309
NEC-0025,WTe2,WTe2 (Weyl floating gate),TMD,experiment,device (NQC FET),device,2025,10.1021/acsnano.5c00221,,W4409961727,Two-Dimensional Weyl Material-Based Negative Quantum Capacitance Effect for a Steep-Slope Hysteresis-Free Switching Device,ACS Nano,NQC,W0341
NEC-0026,WTe2,WTe2 (Weyl floating gate),TMD,experiment,device (NQC photonic synapse),device,2026,10.1021/acsnano.5c19004,,W7131348475,Negative Quantum Capacitance-Driven Photonic Synapse with Ultralow Energy Consumption and Year-Scale Retention,ACS Nano,NQC,W0358
NEC-0027,bilayer MoS2,bilayer MoS2,TMD,experiment,magnetotransport (Landau fan),low density,2019,10.1103/physrevlett.123.117702,1904.09202,W2972972417,Absence of Interlayer Tunnel Coupling of K -Valley Electrons in Bilayer MoS2,Physical Review Letters,,W0166
NEC-0028,bilayer WSe2,bilayer WSe2 (holes),TMD,experiment,magnetotransport (SdH),low density (holes),2016,10.1103/physrevlett.116.086601,1602.01073,W2263074700,"Shubnikov–de Haas Oscillations of High-Mobility Holes in Monolayer and Bilayer WSe2 : Landau Level Degeneracy, Effective Mass, and Negative Compressibility",Physical Review Letters,,W0130
NEC-0029,bilayer WSe2,bilayer WSe2 (weakly coupled),TMD,experiment,magnetotransport (Landau level),low density (holes),2024,10.1088/2053-1583/ad6b80,,W4401370339,Valley landau level crossings in weakly coupled bilayer WSe2,2D Materials,,W0318
NEC-0030,ionic-liquid-gated 2D superconductors,ionic-liquid-gated 2D superconductors (MoS2 etc.),TMD,theory,theory (phase separation model),ionic-liquid gating,2018,10.1103/physrevb.98.214507,1706.01274,W2897051193,Negative electronic compressibility and nanoscale inhomogeneity in ionic-liquid gated two-dimensional superconductors,Physical review. B./Physical review. B,,W0161
NEC-0031,monolayer MoS2,monolayer MoS2,TMD,disputed,capacitance and transport,low density,2015,10.1038/ncomms7088,1407.5365,W2134011220,Probing the electron states and metal-insulator transition mechanisms in molybdenum disulphide vertical heterostructures,Nature Communications,NEC not observed in this work,W0104
NEC-0032,monolayer MoS2,monolayer MoS2,TMD,indirect,unknown (abstract unavailable),unknown,2025,10.1016/j.physb.2025.418022,,W4416155007,Negative electronic compressibility in MoS 2 monolayers,Physica B Condensed Matter,"title claim only, abstract unavailable",W0331
NEC-0033,monolayer WSe2,monolayer WSe2 (holes),TMD,experiment,scanning SET,quantum Hall (holes),2024,10.1103/physrevx.14.031018,2401.01486,W4401212347,Anomalous Landau Level Gaps Near Magnetic Transitions in Monolayer WSe 2,Physical Review X,scanning SET,W0289
NEC-0034,twisted MoTe2,twisted MoTe2 (moire),TMD,experiment,chemical potential sensing (optical),moire flat band (FCI),2023,10.1038/s41586-023-06452-3,2305.00973,W4385295632,Thermodynamic evidence of fractional Chern insulator in moiré MoTe2,Nature,,W0283
NEC-0035,Ta2NiSe5,Ta2NiSe5,excitonic insulator,experiment,ARPES with K surface doping,surface doping,2023,10.1103/physrevresearch.5.043089,2203.06817,W4388205036,Role of electron-phonon coupling in excitonic insulator candidate Ta 2 NiSe 5,Physical Review Research,K-dosed ARPES,W0279
NEC-0036,bilayer graphene,bilayer graphene,graphene,theory,theory (capacitance modeling),low density,2011,10.1103/physrevb.84.085441,1105.1801,W1608258377,Capacitance of graphene bilayer as a probe of layer-specific properties,Physical Review B,,W0056
NEC-0037,bilayer graphene,bilayer graphene,graphene,experiment,capacitance (chemical potential),quantum Hall,2014,10.1126/science.1251003,1401.0659,W2065801793,Chemical potential and quantum Hall ferromagnetism in bilayer graphene,Science,,W0082
NEC-0038,bilayer graphene,"bilayer graphene (Bernal, FQH)",graphene,experiment,capacitance,quantum Hall (FQH),2024,10.1103/physrevlett.132.046603,2308.05729,W4391253639,Energy Gap of the Even-Denominator Fractional Quantum Hall State in Bilayer Graphene,Physical Review Letters,,W0294
NEC-0039,bilayer graphene,"bilayer graphene (Bernal, FQH)",graphene,experiment,tunnelling spectroscopy (STM),quantum Hall (FQH),2025,10.1038/s41567-025-02830-y,2308.05789,W4408673423,High-resolution tunnelling spectroscopy of fractional quantum Hall states,Nature Physics,tunnelling spectroscopy,W0327
NEC-0040,double-layer graphene,double-layer graphene (high B),graphene,theory,theory (Hartree-Fock CDW),quantum Hall,2014,10.1103/physrevb.90.035404,1312.5475,W2016004774,Charge-density-wave states in double-layer graphene structures at a high magnetic field,Physical Review B,,W0081
NEC-0041,double-layer graphene,double-layer graphene (Coulomb-coupled trilayer),graphene,experiment,capacitance,quantum Hall (lowest Landau level),2026,10.48550/arxiv.2608.28381,2608.28381,W7204844109,Electrically Tunable Two-Component Exciton Condensate in a Coulomb-Coupled Graphene Trilayer,arXiv (Cornell University),LLL NEC background,W0348
NEC-0042,double-layer graphene,double-layer graphene (ZLL),graphene,experiment,capacitance,quantum Hall (zero Landau level),2026,10.48550/arxiv.2608.28338,2608.28338,W7204836990,Evidence for Three-component Interlayer Coherent Exciton Condensation,arXiv (Cornell University),,W0351
NEC-0043,double-layer graphene,double-layer graphene,graphene,experiment,microwave impedance microscopy,quantum Hall,2026,10.1021/acs.nanolett.5c06452,,W7160410459,Layer-Resolved Microwave Imaging of a van der Waals Heterostructure,Nano Letters,microwave imaging,W0357
NEC-0044,graphene nanoribbon,graphene nanoribbon,graphene,disputed,capacitance,device,2014,10.1063/1.4904715,1410.8778,W2285996055,Side-gate modulation effects on high-quality BN-Graphene-BN nanoribbon capacitors,Applied Physics Letters,predicted NQC not observed,W0089
NEC-0045,graphene nanoribbon with lateral gates,graphene nanoribbon with lateral gates,graphene,theory,device simulation (self-consistent),device,2014,10.1103/physrevb.89.115406,1312.5623,W2092286127,Negative quantum capacitance in graphene nanoribbons with lateral gates,Physical Review B,,W0086
NEC-0046,graphene/h-BN moire superlattice,graphene/h-BN moire superlattice,graphene,experiment,capacitance,moire flat band,2025,10.1103/75gl-jzl6,2408.11220,W4405425582,Displacement Field-Controlled Fractional Chern Insulators and Charge Density Waves in a Graphene/hBN Moiré Superlattice,Physical Review X,,W0323
NEC-0047,graphene/h-BN nanocapacitor,graphene/h-BN nanocapacitor,graphene,experiment,capacitance (nanocapacitor),device,2014,10.1021/nl4037824,,W1979746926,Boron Nitride–Graphene Nanocapacitor and the Origins of Anomalous Size-Dependent Increase of Capacitance,Nano Letters,refuted by W0176,W0079
NEC-0048,graphene/h-BN nanocapacitor,graphene/h-BN nanocapacitor,graphene,indirect,DFT,device,2016,10.13005/ojc/320120,,,A nano capacitor with graphene electrodes and Methane - (h-BN)insulator,Oriental Journal of Chemistry,"DFT nanocapacitor claim, low-tier journal; added from carbon search",A0002
NEC-0049,graphene/h-BN nanocapacitor,graphene/h-BN nanocapacitor,graphene,disputed,electrostatic modeling,device,2019,10.1039/c9ra00614a,,W2922242273,Origin of the anomalous size-dependent increase of capacitance in boron nitride–graphene nanocapacitors,RSC Advances,refutes NQC origin of W0079,W0176
NEC-0050,graphite/h-BN aligned interface,graphite/h-BN aligned interface,graphene,indirect,capacitance and transport,quantum Hall (surface states),2022,10.48550/arxiv.2211.16420,2211.16420,W4310514427,Mixing of surface and bulk electronic states at a graphite-hexagonal boron nitride interface,arXiv (Cornell University),NEC invoked for surface FQH states,W0242
NEC-0051,monolayer graphene,monolayer graphene (and generic 2D systems),graphene,theory,theory (finite-temperature Hartree-Fock),low density,2011,10.1103/physrevb.84.235407,1109.5701,W1992931936,Temperature-dependent compressibility in graphene and two-dimensional systems,Physical Review B,T-dependent compressibility,W0061
NEC-0052,monolayer graphene,"monolayer graphene (suspended, FQH)",graphene,experiment,scanning SET compressibility,quantum Hall (FQH),2013,10.1103/physrevlett.111.076802,1303.0838,,Fractional Quantum Hall Phase Transitions and Four-flux Composite Fermions in Graphene,"Phys. Rev. Lett. 111, 076802 (2013)",local SET compressibility,W0071
NEC-0053,monolayer graphene,monolayer graphene,graphene,experiment,quantum capacitance,quantum Hall,2013,10.1073/pnas.1300599110,1302.3967,W2043045680,Interaction phenomena in graphene seen through quantum capacitance,Proceedings of the National Academy of Sciences,"quantum capacitance, high B",W0073
NEC-0054,monolayer graphene,monolayer graphene (Ag adatoms),graphene,experiment,quantum capacitance,"impurity-induced, near CNP",2013,10.1038/srep02041,,W2046566119,Negative Quantum Capacitance Induced by Midgap States in Single-layer Graphene,Scientific Reports,,W0074
NEC-0055,monolayer graphene,monolayer graphene (resonant impurities),graphene,experiment,quantum capacitance,impurity-induced,2013,10.1063/1.4807394,,W1995467775,Negative compressibility observed in graphene containing resonant impurities,Applied Physics Letters,,W0075
NEC-0056,monolayer graphene,"monolayer graphene (encapsulated gate, MIS)",graphene,experiment,capacitance-voltage,device,2016,10.1002/aelm.201500297,,W2338654723,Negative Quantum Capacitance Effects in Metal–Insulator–Semiconductor Devices with Composite Graphene‐Encapsulated Gates,Advanced Electronic Materials,NQC device,W0126
NEC-0057,monolayer graphene,monolayer graphene (QH),graphene,experiment,capacitance (chemical potential),quantum Hall,2021,10.1038/s41567-021-01421-x,2103.00015,W3162659593,Thermodynamics of free and bound magnons in graphene,Nature Physics,,W0232
NEC-0058,monolayer graphene,monolayer graphene (high-LL bubble phases),graphene,experiment,chemical potential measurement,quantum Hall (bubble phases),2023,10.48550/arxiv.2309.04319,2309.04319,W4386620878,Cascade of multi-electron bubble phases in monolayer graphene at high Landau level filling,arXiv (Cornell University),,W0257
NEC-0059,monolayer graphene,monolayer graphene (gate of MoS2 NQCFET),graphene,experiment,device (NQC FET),device,2023,10.1109/ted.2023.3294365,,W4385061818,Graphene-Integrated Negative Quantum Capacitance Field-Effect Transistor With Sub-60-mV/dec Switching,IEEE Transactions on Electron Devices,,W0267
NEC-0060,monolayer graphene,monolayer graphene (NQC phototransistor),graphene,experiment,device (NQC phototransistor),device,2024,10.1002/adom.202401465,,W4402557988,An Ultrasensitive Programmable 2D Photoelectric Synaptic Transistor,Advanced Optical Materials,,W0288
NEC-0061,monolayer graphene,monolayer graphene (QH),graphene,experiment,charge sensing,quantum Hall,2024,10.48550/arxiv.2410.10961,2410.10961,W4403573087,High spatial resolution charge sensing of quantum Hall states,Institutional Repositories DataBase (IRDB),charge sensing,W0301
NEC-0062,rhombohedral multilayer graphene,rhombohedral multilayer graphene,graphene,theory,theory (Hartree-Fock + correlation),"flat band, displacement field",2023,10.1103/physrevb.108.l041101,2304.07467,W4383217639,Chirality and correlations in the spontaneous spin-valley polarization of rhombohedral multilayer graphene,Physical review. B./Physical review. B,,W0259
NEC-0063,rhombohedral multilayer graphene,rhombohedral multilayer graphene,graphene,theory,theory (Hartree-Fock),"flat band, displacement field",2026,10.1103/xq6w-96vg,2512.23082,W7141063326,Various electronic crystal phases in rhombohedral graphene multilayers,Physical review. B./Physical review. B,,W0368
NEC-0064,rhombohedral trilayer graphene,rhombohedral trilayer graphene,graphene,experiment,capacitance,"flat band (van Hove), displacement field",2021,10.1038/s41586-021-03938-w,2104.00653,,Half and quarter metals in rhombohedral trilayer graphene,Nature 598 (2021) 429-433,,W0222
NEC-0065,rhombohedral trilayer graphene,rhombohedral trilayer graphene,graphene,theory,theory (mean-field),"flat band, displacement field",2024,10.1103/physrevb.109.l060409,2308.01996,W4392099123,Unconventional metallic ferromagnetism: Nonanalyticity and sign-changing behavior of orbital magnetization in rhombohedral trilayer graphene,Physical review. B./Physical review. B,,W0317
NEC-0066,twisted bilayer graphene,twisted bilayer graphene (magic-angle),graphene,theory,theory (heavy-fermion model),moire flat band,2021,10.1103/physrevlett.127.266402,2104.01145,W3140674682,Cascades between Light and Heavy Fermions in the Normal State of Magic-Angle Twisted Bilayer Graphene,Physical Review Letters,,W0215
NEC-0067,twisted bilayer graphene,twisted bilayer graphene (magic-angle),graphene,theory,DMFT,moire flat band,2024,10.1103/physrevx.14.031045,2309.08529,W4402454629,Dynamical Correlations and Order in Magic-Angle Twisted Bilayer Graphene,Physical Review X,DMFT,W0292
NEC-0068,twisted bilayer graphene,twisted bilayer graphene (charge islands),graphene,experiment,Coulomb blockade spectroscopy,moire flat band,2024,10.1103/physrevb.109.155430,2403.17840,W4393247964,Negative electronic compressibility in charge islands in twisted bilayer graphene,Physical review. B./Physical review. B,,W0306
NEC-0069,twisted bilayer graphene,twisted bilayer graphene (STS),graphene,experiment,STS,moire flat band (Hofstadter),2025,10.1038/s41586-024-08550-2,2501.04777,W4407957610,Spectroscopy of the fractal Hofstadter energy spectrum,Nature,STS Hofstadter,W0336
NEC-0070,capacitors with free-electron-like metal electrodes,capacitors with free-electron-like metal electrodes,metal,theory,DFT,metal electrodes,2019,10.1103/physrevb.99.235127,1902.04316,W2952405716,Mechanisms to enhance the capacitance beyond the classical limits in capacitors with free-electron-like electrodes,Physical review. B./Physical review. B,DFT,W0174
NEC-0071,fluid Rb,fluid Rb (expanded metal),metal fluid,experiment,x-ray diffraction and SAXS,expanded fluid metal,2007,10.1103/physrevlett.98.096401,,W2057186923,Instability of the Electron Gas in an Expanding Metal,Physical Review Letters,x-ray/SAXS,W0039
NEC-0072,fluid alkali metals,"fluid alkali metals (Na, K, Rb)",metal fluid,theory,thermodynamic modeling,expanded fluid metal,2010,10.1021/je100627c,,W2319671483,"Internal Pressures of Sodium, Potassium, and Rubidium Fluids at Different Temperatures",Journal of Chemical & Engineering Data,,W0050
NEC-0073,topological superconductor nanowire,topological superconductor nanowire,nanowire,theory,theory (BdG numerics),topological phase transition,2016,10.1103/physrevb.93.064512,1504.00013,W359116552,Compressibility as a probe of quantum phase transitions in topological superconductors,Physical review. B./Physical review. B,local NEC at impurity,W0112
NEC-0074,NbOCl2 surface,NbOCl2 surface,other,indirect,ARPES,surface doping,2026,10.1038/s43246-025-01070-0,2601.16688,W7120948422,Observation of an isolated flat band in the van der Waals crystal NbOCl2,Communications Materials,NEC offered as possible cause,W0360
NEC-0075,vdW magnet,vdW magnet,other,disputed,ARPES and core-level,surface doping,2025,10.1038/s41467-025-56457-x,2403.13897,W4406930014,Large exciton binding energy in a bulk van der Waals magnet from quasi-1D electronic localization,Nature Communications,NEC ruled out,W0329
NEC-0076,"BiFeO3, Cu-doped","BiFeO3, Cu-doped (BiFe0.95Cu0.05O3 film)",oxide,experiment,electrochemical charge-discharge,battery electrode coating,2024,10.1063/5.0210841,,W4400985526,Enhanced energy density of LiNi0.5Mn0.3Co0.2O2 batteries with negative-electronic-compressibility thin film coating,Applied Physics Letters,Li-ion cathode coating,W0295
NEC-0077,"BiFeO3, La-doped","BiFeO3, La-doped (Bi0.95La0.05FeO3)",oxide,experiment,UPS with UV-light doping + capacitance,surface doping,2020,10.1038/s41598-020-61859-6,,W3011628459,Interplay of negative electronic compressibility and capacitance enhancement in lightly-doped metal oxide Bi0.95La0.05FeO3 by quantum capacitance model,Scientific Reports,"UPS, UV doping",W0195
NEC-0078,SrTiO3 surface,SrTiO3 surface (2DES),oxide,experiment,gate-dependent Hall density,surface 2DES,2016,10.1038/srep25789,,W2377448504,Anomalous enhancement of the sheet carrier density beyond the classic limit on a SrTiO3 surface,Scientific Reports,,W0111
NEC-0079,SrTiO3 surface,SrTiO3 surface (UV-doped),oxide,experiment,ARPES with UV-light doping,surface doping,2026,10.48550/arxiv.2604.21783,2604.21783,W7155527616,Direct observation of surface bandgap shrinkage and negative electronic compressibility in SrTiO3,arXiv (Cornell University),KTaO3 shows no NEC,W0346
NEC-0080,"Sr3Ir2O7, La-doped","Sr3Ir2O7, La-doped ((Sr1-xLax)3Ir2O7)",oxide (5d),experiment,ARPES with La doping,correlated bulk (Mott),2015,10.1038/nmat4273,1409.8253,W2162417208,Spectroscopic evidence for negative electronic compressibility in a quasi-three-dimensional spin–orbit correlated metal,Nature Materials,"ARPES, quasi-3D",W0106
NEC-0081,La3Ni2O7 under pressure,La3Ni2O7 under pressure,oxide (nickelate),theory,many-body theory,"correlated bulk (nickelate, high pressure)",2024,10.1103/physrevb.109.165154,2308.09698,W4395665710,Correlation effects and concomitant two-orbital s ± -wave superconductivity in La 3 Ni 2 O 7 under high pressure,Physical review. B./Physical review. B,,W0291
NEC-0082,LaAlO3/SrTiO3 interface,LaAlO3/SrTiO3 interface,oxide interface,experiment,capacitance + penetration field,"low density, near depletion",2011,10.1126/science.1204168,1006.2847,W2014678140,Very Large Capacitance Enhancement in a Two-Dimensional Electron System,Science,Li 2011 Science,W0062
NEC-0083,LaAlO3/SrTiO3 interface,LaAlO3/SrTiO3 interface (Rashba),oxide interface,theory,theory (Rashba interface model),interface 2DEG,2012,10.1103/physrevlett.109.196401,1204.0962,W1973395293,Intrinsic Instability of Electronic Interfaces with Strong Rashba Coupling,Physical Review Letters,,W0065
NEC-0084,LaAlO3/SrTiO3 interface,LaAlO3/SrTiO3 interface,oxide interface,experiment,capacitance + Kelvin probe,low density,2012,10.1103/physrevb.86.075116,1207.6498,W2039761741,Large negative electronic compressibility of LaAlO 3 -SrTiO 3 interfaces with ultrathin LaAlO 3 layers,Physical Review B,ultrathin LAO,W0066
NEC-0085,LaAlO3/SrTiO3 interface,LaAlO3/SrTiO3 interface (Rashba),oxide interface,theory,theory (Rashba interface model),interface 2DEG,2014,10.1103/physrevb.89.195448,1307.5427,W2037463966,Phase diagrams of voltage-gated oxide interfaces with strong Rashba coupling,Physical Review B,,W0087
NEC-0086,LaAlO3/SrTiO3 interface,LaAlO3/SrTiO3 interface (dual-gate),oxide interface,indirect,dual-gate magnetotransport,interface 2DEG,2016,10.1021/acs.nanolett.6b02348,1807.08345,W2514286236,Dual-Gate Modulation of Carrier Density and Disorder in an Oxide Two-Dimensional Electron System,Nano Letters,NEC offered as interpretation,W0113
NEC-0087,LaAlO3/SrTiO3 interface,LaAlO3/SrTiO3 interface (and LaTiO3/SrTiO3),oxide interface,theory,theory (self-consistent confinement),interface 2DEG,2016,10.1103/physrevlett.116.026804,1506.04777,W621169927,Phase Separation from Electron Confinement at Oxide Interfaces,Physical Review Letters,,W0128
NEC-0088,LaAlO3/SrTiO3 interface,LaAlO3/SrTiO3 interface,oxide interface,theory,theory (multiband Hartree-Fock),interface 2DEG,2021,10.1103/physrevb.103.125141,2102.00548,W3127173214,Understanding the onset of negative electronic compressibility in single-band and two-band two-dimensional electron gases: Application to LaAlO3/SrTiO3,Physical review. B./Physical review. B,,W0233
NEC-0089,LaAlO3/SrTiO3 interface,LaAlO3/SrTiO3 interface,oxide interface,disputed,capacitance,interface 2DEG,2022,10.1103/physrevb.106.054205,,W4291902319,Capacitive probing of electronic phase separation in an oxide two-dimensional electron system,Physical review. B./Physical review. B,"capacitance suppression, extrinsic phase separation dominates",W0238
NEC-0090,Bi2Te3-type TI,Bi2Te3-type TI (Bi2Te3 surface),topological insulator,experiment,capacitance-voltage,device,2016,10.1063/1.4968183,,W2556259461,Experimental evidence of negative quantum capacitance in topological insulator for sub-60-mV/decade steep switching device,Applied Physics Letters,NQC,W0117
NEC-0091,Bi2Te3-type TI,Bi2Te3-type TI (Bi2Te3 surface),topological insulator,theory,device simulation,device,2016,,,W2651342795,위상학적 절연체 내 음의 양자 정전용량을 활용한 저전력 반도체 소자 구현에 관한 이론 연구,대한전자공학회 학술대회,NQC device theory,W0135
NEC-0092,Bi2Te3-type TI,"Bi2Te3-type TI (Bi2Te1.5Se1.5, MOS)",topological insulator,experiment,capacitance-voltage,device,2018,10.1016/j.apsusc.2018.09.051,,W2892224653,Negative quantum capacitance effect from Bi2Te1.5Se1.5 with frequency dependent capacitance of polyvinyl alcohol (PVA) film in MOS structure,Applied Surface Science,NQC in MOS,W0162
