work_id,verdict,material,material_class,method,regime,note,year,doi,arxiv_id,title,journal,openalex_id
W0000,E,GaAs/AlGaAs 2DEG (double-layer),III-V,penetration-field capacitance,"low density, B=0; quantum Hall",Eisenstein 1992; penetration field; abstract does not name GaAs,1992,10.1103/physrevlett.68.674,,Negative compressibility of interacting two-dimensional electron and quasiparticle gases,Physical Review Letters,W2054951637
W0001,T,n-type Si (doped bulk),Si,theory (STLS dielectric function),"low density, 77 K","STLS theory, 77 K",1992,10.1103/physrevb.46.15123,,Theory of screening and electron mobility: Application ton-type silicon,"Physical review. B, Condensed matter",W2041567139
W0002,U,quantum Hall regime (negative permittivity),model,,,,1993,10.1016/0921-4526(93)90374-f,,On negative dielectric permittivity in the quantum Hall regime,Physica B Condensed Matter,W1965069102
W0003,N,,,,,anyon gauge model,1993,,hep-th/9311136,Particles with distance dependent statistics at low temperatures,,
W0004,M,three-band Hubbard + phonons,model,,,cuprate-type model,1994,10.1103/physrevb.50.16880,cond-mat/9404019,Electron-phonon interactions in the presence of strong correlations,"Physical review. B, Condensed matter",W2052616902
W0005,NT,,,,,,1996,10.1088/0953-8984/8/25/007,,Charge fluctuations in the slave fermion representation of thet-Jmodel - evidence for phase separation from loop corrections,Journal of Physics Condensed Matter,W2070385566
W0006,E,GaAs/AlGaAs 2DEG (double-layer 2DEG and 2DHG),III-V,compressibility via double-layer detection,low density,NEC stronger for holes,1996,10.1063/1.116045,,Compressibility studies of double electron and double hole gas systems,Applied Physics Letters,W2019173834
W0007,N,,,,,"fatty-acid mesophase, mechanical",1997,10.1007/s100510050152,cond-mat/9708182,Microscopic measurement of the linear compressibilities of two-dimensional fatty acid mesophases,,
W0008,X,,,,,,1998,10.1016/s0921-4526(98)00540-7,cond-mat/9808292,On the extended states in the quantum Hall regime and in zero magnetic field,Physica B Condensed Matter,W1973751423
W0009,U,quantum dots,quantum dot,,,,1998,10.1016/s1386-9477(98)00213-6,,Paired additions of electrons into quantum dots: How and why does localization destroy Coulomb blockade to producepairing?,Physica E Low-dimensional Systems and Nanostructures,W1966740958
W0010,N,,,,,astrophysical fluid,1998,10.1063/1.873286,astro-ph/9810104,Wavelength limits on isobaricity of perturbations in a thermally unstable radiatively cooling medium,,
W0011,M,2D electron liquid,model,,,,1999,,,Electron Liquid Beyond the Random Phase Approximation,DergiPark (Istanbul University),W1532504440
W0012,M,2DEG quantum Hall strip,model,,,,2000,10.1016/s1386-9477(99)00058-2,cond-mat/9908187,Spatial structure of an incompressible quantum Hall strip,Physica E Low-dimensional Systems and Nanostructures,W2018296039
W0013,M,2D Hubbard model,model,,,,2000,10.1103/physrevb.62.4300,cond-mat/0001254,dx2−y2 pairing of composite excitations in the two-dimensional Hubbard model,"Physical review. B, Condensed matter",W191236980
W0014,M,2D/3D jellium electron gas,model,,,,2001,10.1103/physrevb.64.245101,cond-mat/0103524,Ground state of electron gases at negative compressibility,"Physical review. B, Condensed matter",W2267623379
W0015,M,low-density electron gas / Wigner crystal,model,,,Coulomb-frustrated phase separation,2001,10.1103/physrevb.64.235128,cond-mat/0106608,Phase separation frustrated by the long-range Coulomb interaction. II. Applications,"Physical review. B, Condensed matter",W2083023404
W0016,M,1D electron gas,model,,,,2001,10.48550/arxiv.cond-mat/0110082,cond-mat/0110082,Short range correlations in a one dimensional electron gas,arXiv (Cornell University),W2949948533
W0017,M,anisotropic quantum Hall gas,model,,,,2001,10.48550/arxiv.cond-mat/0102347,cond-mat/0102347,Unusual Properties of Anisotropic Hall Gas: Implication to Metrology of the Integer Quantum Hall Effect,arXiv (Cornell University),W1509883637
W0018,R,disordered Wigner crystals,model,,,review,2002,10.48550/arxiv.cond-mat/0205099,cond-mat/0205099,Disordered Wigner crystals,arXiv (Cornell University),W4307794730
W0019,U,GaAs asymmetric double quantum well,III-V,,,,2002,10.1016/s1386-9477(01)00351-4,,Exchange-driven bilayer-to-monolayer charge transfer in an asymmetric double-quantum-well,Physica E Low-dimensional Systems and Nanostructures,W2162063880
W0020,U,GaAs 2DES (composite-fermion metal),III-V,,,,2002,10.1016/s1386-9477(01)00252-1,,Measurements of the compressibility of the composite fermion metallic state in a 2D electron system,Physica E Low-dimensional Systems and Nanostructures,W2056488172
W0021,NT,,,,,,2003,10.1088/0305-4470/36/35/305,,Electronic and structural phase separation in strongly correlated sytems,Journal of Physics A Mathematical and General,W2052512791
W0022,N,,,,,"volume-collapse transition, mechanical",2003,,cond-mat/0307134,Solid-solid volume collapse transitions are zeroth order,,
W0023,M,double-exchange model,model,,,manganite-type model,2003,10.1103/physrevb.68.104433,cond-mat/0309346,Spiral phase and phase separation of the double exchange model in the large-S limit,"PRB 68, 104433 (2003).",
W0024,N,,,,,nuclear matter,2003,10.1103/physrevc.68.015201,nucl-th/0306045,Warm asymmetric matter in the quark-meson coupling model,Physical Review C,W2043175515
W0025,N,,,,,gravity/Casimir,2004,10.1103/physrevd.70.044015,hep-th/0403281,Casimir effect and thermodynamics of horizon instabilities,Phys.Rev. D70 (2004) 044015,
W0026,NT,,,,,,2004,10.1103/physrevb.70.193312,,Low-temperature electron mobilities due to ionized-impurity scattering in multisubband two-dimensional semiconductor systems,Physical Review B,W2014597351
W0027,T,carbon nanotube (FET),1D carbon,device simulation (self-consistent),device,,2004,10.48550/arxiv.cond-mat/0412540,cond-mat/0412540,Negative Quantum Capacitance of Carbon Nanotube Field-Effect Transistors,arXiv (Cornell University),W1517127111
W0028,M,2D extended Hubbard model,model,,,,2005,10.1016/j.physb.2006.01.113,cond-mat/0511616,Compressibility of a two-dimensional extended Hubbard model,,
W0029,M,3D electron liquid,model,,,Takada,2005,10.1007/s10948-005-0081-3,,Excitonic Collective Mode and Negative Compressibility in Electron Liquids,Journal of Superconductivity,W2123298562
W0030,DUP,3D electron liquid,model,,,APS abstract of W0029,2005,,,Excitonic Mode and Negative Compressibility in Electron Liquids,Bulletin of the American Physical Society,W1633474376
W0031,T,carbon nanotube (gated),1D carbon,theory (quantum capacitance model),device,,2005,10.1103/physrevb.72.035455,,Negative quantum capacitance of gated carbon nanotubes,Physical Review B,W2073628152
W0032,N,,,,,cold atoms,2005,,cond-mat/0507460,Stability of Bosonic atomic and molecular condensates near a Feshbach resonance,,
W0033,DUP,"fluid Rb (supercritical, expanded metal)",metal fluid,,,APS abstract preceding W0039,2006,,,Manifestation of Negative Compressibility in Low-Density Electron Liquids: Anomaly in the Ion-Pair Distribution Function in Supercritical Fluid Rb,Bulletin of the American Physical Society,W1677655534
W0034,U,carbon nanotube,1D carbon,,,Ilani 2006,2006,10.1038/nphys412,,Measurement of the quantum capacitance of interacting electrons in carbon nanotubes,Nature Physics,W2112162786
W0035,N,,,,,"confined fluid, mechanical",2006,10.1063/1.2191054,cond-mat/0601258,Negative linear compressibility in confined dilatating systems,,
W0036,U,carbon nanotube transistor,1D carbon,,,,2006,10.1007/s10825-006-8826-1,,One-dimensional screening effects in bulk-modulated carbon nanotube transistors,Journal of Computational Electronics,W2084325063
W0037,N,,,,,granular gas,2006,10.1103/physreve.75.011304,cond-mat/0611305,Phase separation of a driven granular gas in annular geometry,,
W0038,T,"carbon nanotube (FET, DFT)",1D carbon,DFT,device,,2007,10.1109/tnano.2006.886782,,DFT Modeling of Bulk-Modulated Carbon Nanotube Field-Effect Transistors,IEEE Transactions on Nanotechnology,W2158929345
W0039,E,fluid Rb (expanded metal),metal fluid,x-ray diffraction and SAXS,expanded fluid metal,x-ray/SAXS,2007,10.1103/physrevlett.98.096401,,Instability of the Electron Gas in an Expanding Metal,Physical Review Letters,W2057186923
W0040,U,AlGaAs/GaAs double QW + InAs QDs,III-V,,,,2007,10.1088/0953-8984/19/50/506207,,Transport hysteresis in AlGaAs/GaAs double quantum well systems with InAs quantum dots,Journal of Physics Condensed Matter,W2028571656
W0041,N,,,,,granular gas,2007,,0704.3161,van der Waals-like phase separation instability of a driven granular gas in three dimensions,"Phys. Rev. E 75 , 061304 (2007)",
W0042,E,"GaAs/AlGaAs 2DEG (bilayer, nu_T=1)",III-V,magnetotransport + modeling,quantum Hall bilayer,NEC explains interlayer charge transfer,2008,10.1103/physrevb.78.205310,0808.1257,Charge imbalance and bilayer two-dimensional electron systems at νT=1,Physical Review B,W1547623014
W0043,M,electron bilayers (finite thickness),model,,,,2008,,,Effects of finite layer thickness on the differential capacitance of electron bilayers,ScholarWorks (Boise State University),W1579082013
W0044,N,,,,,"Se chain, structural",2008,10.1088/1367-2630/11/10/103014,0807.2958,Negative Compressibility of Single Selenium Chain Confined in Zeolite Pore,"N. J. Phys. 11, 103014 (2009).",
W0045,R,expanded fluid alkali metals,metal fluid,,,proceedings,2008,10.1088/0953-8984/20/11/110301,,"Proceedings of the 13th Conference on Liquid and Amorphous Metals (LAM13) (Ekaterinburg, Russia, 8–13 July 2007)",Journal of Physics Condensed Matter,W2030192902
W0046,U,low-density fluid alkali metals,metal fluid,,,,2008,10.4131/jshpreview.18.313,,Structural Study of Low-Density Fluid Alkali Metals,The Review of High Pressure Science and Technology,W2047470201
W0047,R,expanded fluid alkali metals (Rb),metal fluid,,,review,2008,10.1088/0953-8984/20/11/114102,,Structural and electronic properties of expanding fluid metals,Journal of Physics Condensed Matter,W2024590494
W0048,N,,,,,"layered compounds, mechanical",2009,10.1016/j.chemphys.2010.01.025,0912.0892,On the mechanism of negative compressibility in layered compounds,,
W0049,M,2DEG plane capacitor,model,,,Skinner-Shklovskii,2010,10.1103/physrevb.82.155111,1007.5308,Anomalously large capacitance of a plane capacitor with a two-dimensional electron gas,"Phys. Rev. B 82, 155111 (2010)",
W0050,T,"fluid alkali metals (Na, K, Rb)",metal fluid,thermodynamic modeling,expanded fluid metal,,2010,10.1021/je100627c,,"Internal Pressures of Sodium, Potassium, and Rubidium Fluids at Different Temperatures",Journal of Chemical & Engineering Data,W2319671483
W0051,N,,,,,cold atoms,2010,10.1103/physreva.81.023613,1002.1542,Molecular Bose-Einstein condensation in a Bose gas with a wide Feshbach resonance at finite temperatures,"Phys. Rev. A 81, 023613 (2010)",
W0052,DUP,LaAlO3/SrTiO3 interface,oxide interface,,,APS abstract preceding W0062,2010,,,Negative electronic compressibility at the LaAlO$_3$/SrTiO$_3$ interface,Bulletin of the American Physical Society,W2054903696
W0053,N,,,,,"ceramics, structural",2010,10.1016/j.materresbull.2010.06.061,1008.4675,New high-pressure phase of HfTiO4 and ZrTiO4 ceramics,"Materials Research Bulletin 45, (2010) 1732-1735",
W0054,X,,,,,,2010,10.1103/physrevb.82.054201,1002.2865,Quantum phase coherence in non-Markovian and reaction-diffusive transport,Physical Review B,W2086380814
W0055,N,,,,,acoustics,2011,10.1134/s1063771011050046,,A Rayleigh-type wave at the plane interface of two homogeneous fluid half-spaces,Acoustical Physics,W2156694383
W0056,T,bilayer graphene,graphene,theory (capacitance modeling),low density,,2011,10.1103/physrevb.84.085441,1105.1801,Capacitance of graphene bilayer as a probe of layer-specific properties,Physical Review B,W1608258377
W0057,U,lithium-ammonia solution,metal fluid,,,,2011,10.1103/physrevb.84.094206,,Collective modes in a saturated lithium-ammonia solution as a probe of the response of the low-density homogeneous electron gas,Physical Review B,W2045932333
W0058,N,,,,,"ferroelectric negative capacitance (PZT/STO), not NEC",2011,10.1063/1.3634072,1103.4419,Experimental evidence of ferroelectric negative capacitance in nanoscale heterostructures,Applied Physics Letters,W1996569310
W0059,N,,,,,"EuCo2As2, structural",2011,10.1088/0953-8984/22/42/425701,1104.3176,Formation of Collapsed Tetragonal Phase in EuCo2As2 under High Pressure,J. Phys.: Condens. Matter 22 (2010) 425701 (5pp),
W0060,NT,,,,,,2011,10.4236/jmp.2011.29122,,Spin Polarization of the Uniform Three-Dimensional Electron Gas,Journal of Modern Physics,W2011648185
W0061,T,monolayer graphene (and generic 2D systems),graphene,theory (finite-temperature Hartree-Fock),low density,T-dependent compressibility,2011,10.1103/physrevb.84.235407,1109.5701,Temperature-dependent compressibility in graphene and two-dimensional systems,Physical Review B,W1992931936
W0062,E,LaAlO3/SrTiO3 interface,oxide interface,capacitance + penetration field,"low density, near depletion",Li 2011 Science,2011,10.1126/science.1204168,1006.2847,Very Large Capacitance Enhancement in a Two-Dimensional Electron System,Science,W2014678140
W0063,U,coaxial nanowire capacitor,nanowire,,,,2012,10.1038/ncomms1833,,Anomalous high capacitance in a coaxial single nanowire capacitor,Nature Communications,W2171000362
W0064,N,,,,,"dynamic negative compressibility under AFM tip, mechanical",2012,10.1021/nl300183e,,"Dynamic Negative Compressibility of Few-Layer Graphene, h-BN, and MoS2",Nano Letters,W2304271052
W0065,T,LaAlO3/SrTiO3 interface (Rashba),oxide interface,theory (Rashba interface model),interface 2DEG,,2012,10.1103/physrevlett.109.196401,1204.0962,Intrinsic Instability of Electronic Interfaces with Strong Rashba Coupling,Physical Review Letters,W1973395293
W0066,E,LaAlO3/SrTiO3 interface,oxide interface,capacitance + Kelvin probe,low density,ultrathin LAO,2012,10.1103/physrevb.86.075116,1207.6498,Large negative electronic compressibility of LaAlO 3 -SrTiO 3 interfaces with ultrathin LaAlO 3 layers,Physical Review B,W2039761741
W0067,N,,,,,metamaterial,2012,10.1038/nmat3331,1207.2185,Mechanical Metamaterials with Negative Compressibility Transitions,"Nature Materials 11, 608-613 (2012)",
W0068,N,,,,,cold atoms,2012,10.1103/physrevlett.110.145301,1209.4929,Two-dimensional Bose gases near resonance: universal three-body effects,"Phys. Rev. Lett. 110, 145301 (2013)",
W0069,M,"2D electron-hole system (Rashba, magnetoexcitons)",model,,,,2013,10.1002/pssb.201248398,,Collective states of two‐dimensional electron–hole system under the influence of Rashba spin–orbit coupling,physica status solidi (b),W2148617208
W0070,U,strongly disordered graphene,graphene,,,,2013,10.1038/srep01772,,Density of States and Its Local Fluctuations Determined by Capacitance of Strongly Disordered Graphene,Scientific Reports,W2021969891
W0071,E,"monolayer graphene (suspended, FQH)",graphene,scanning SET compressibility,quantum Hall (FQH),local SET compressibility,2013,10.1103/physrevlett.111.076802,1303.0838,Fractional Quantum Hall Phase Transitions and Four-flux Composite Fermions in Graphene,"Phys. Rev. Lett. 111, 076802 (2013)",
W0072,NT,,,,,,2013,10.1557/mrs.2013.282,,Functional oxide interfaces,MRS Bulletin,W2085512880
W0073,E,monolayer graphene,graphene,quantum capacitance,quantum Hall,"quantum capacitance, high B",2013,10.1073/pnas.1300599110,1302.3967,Interaction phenomena in graphene seen through quantum capacitance,Proceedings of the National Academy of Sciences,W2043045680
W0074,E,monolayer graphene (Ag adatoms),graphene,quantum capacitance,"impurity-induced, near CNP",,2013,10.1038/srep02041,,Negative Quantum Capacitance Induced by Midgap States in Single-layer Graphene,Scientific Reports,W2046566119
W0075,E,monolayer graphene (resonant impurities),graphene,quantum capacitance,impurity-induced,,2013,10.1063/1.4807394,,Negative compressibility observed in graphene containing resonant impurities,Applied Physics Letters,W1995467775
W0076,N,,,,,"graphene folds MD, mechanical",2013,,,Simulações de dinâmica molecular de dobras de grafeno.,,W2277205097
W0077,X,,,,,,2013,10.1103/physrevb.88.075115,1306.1165,Theory of a chiral Fermi liquid: General formalism,Physical Review B,W2027139575
W0078,E,MoS2 (graphene-MoS2 heterostructure),TMD,magnetotransport (Landau level sensing),low density,,2014,10.1021/nl500212s,1402.1981,Band Offset and Negative Compressibility in Graphene-MoS2 Heterostructures,Nano Letters,W2041113876
W0079,E,graphene/h-BN nanocapacitor,graphene,capacitance (nanocapacitor),device,refuted by W0176,2014,10.1021/nl4037824,,Boron Nitride–Graphene Nanocapacitor and the Origins of Anomalous Size-Dependent Increase of Capacitance,Nano Letters,W1979746926
W0080,DUP,MoS2 (graphene-MoS2 heterostructure),TMD,,,APS abstract of W0078,2014,,,Carrier distribution and negative compressibility in graphene-MoS$_{2}$ heterostructures,Bulletin of the American Physical Society,W2595536322
W0081,T,double-layer graphene (high B),graphene,theory (Hartree-Fock CDW),quantum Hall,,2014,10.1103/physrevb.90.035404,1312.5475,Charge-density-wave states in double-layer graphene structures at a high magnetic field,Physical Review B,W2016004774
W0082,E,bilayer graphene,graphene,capacitance (chemical potential),quantum Hall,,2014,10.1126/science.1251003,1401.0659,Chemical potential and quantum Hall ferromagnetism in bilayer graphene,Science,W2065801793
W0083,NT,,,,,,2014,10.1103/physrevx.4.041045,1407.6537,Dirac-Screening Stabilized Surface-State Transport in a Topological Insulator,Physical Review X,W2081003087
W0084,U,p-GaAs quantum well,III-V,,,thesis,2014,,,Exploring 2D Metal-Insulator Transition in p-GaAs Quantum Well with High rs,OhioLink ETD Center (Ohio Library and Information Network),W2601491548
W0085,DUP,MoS2 (graphene-MoS2 heterostructure),TMD,,,APS abstract of W0078,2014,,,Negative Compressibility and Charge Partitioning Between Graphene and MoS$_{2}$ Two-Dimensional Electron Gases,Bulletin of the American Physical Society,W2737920549
W0086,T,graphene nanoribbon with lateral gates,graphene,device simulation (self-consistent),device,,2014,10.1103/physrevb.89.115406,1312.5623,Negative quantum capacitance in graphene nanoribbons with lateral gates,Physical Review B,W2092286127
W0087,T,LaAlO3/SrTiO3 interface (Rashba),oxide interface,theory (Rashba interface model),interface 2DEG,,2014,10.1103/physrevb.89.195448,1307.5427,Phase diagrams of voltage-gated oxide interfaces with strong Rashba coupling,Physical Review B,W2037463966
W0088,N,,,,,,2014,10.1088/0004-637x/751/1/75,1406.1211,Radiating Current Sheets in the Solar Chromosphere,"2012, The Astrophysical Journal, 751, 75",
W0089,D,graphene nanoribbon,graphene,capacitance,device,predicted NQC not observed,2014,10.1063/1.4904715,1410.8778,Side-gate modulation effects on high-quality BN-Graphene-BN nanoribbon capacitors,Applied Physics Letters,W2285996055
W0090,NT,,,,,,2014,10.1038/srep03764,,Space charge neutralization by electron-transparent suspended graphene,Scientific Reports,W2028969158
W0091,X,,,,,,2014,10.1063/1.4861470,,Superior dielectric properties for template assisted grown (100) oriented Gd2O3 thin films on Si(100),Applied Physics Letters,W1966574271
W0092,U,quantum Hall bilayer excitons,graphene,,,,2015,10.48550/arxiv.1511.03287,,Chemical potential and compressibility of quantum Hall bilayer excitons,DSpace@MIT (Massachusetts Institute of Technology),W2491010474
W0093,N,,,,,granular,2015,,1502.01235,Coarsening in granular systems,,
W0094,N,,,,,lipid membrane,2015,10.1021/jacs.5b06800,,Curvature Softening and Negative Compressibility of Gel-Phase Lipid Membranes,Journal of the American Chemical Society,W2256106739
W0095,N,,,,,,2015,10.1088/2053-1583/2/1/015004,,Experimental and theoretical investigations of monolayer and few-layer talc,2D Materials,W2007017371
W0096,X,,,,,,2015,10.1038/srep08533,1503.05844,Fermi Arcs vs. Fermi Pockets in Electron-doped Perovskite Iridates,Scientific Reports,W2031076443
W0097,X,,,,,,2015,10.1103/physrevlett.114.257203,1506.00041,First-Order Melting of a Weak Spin-Orbit Mott Insulator into a Correlated Metal,Physical Review Letters,W780517500
W0098,X,,,,,,2015,10.1038/ncomms7678,1504.01901,Giant oscillating thermopower at oxide interfaces,Nature Communications,W2079587482
W0099,E,black phosphorus (holes),2D semiconductor,capacitance,low density (holes),"graphene-terminated, hBN-encapsulated",2015,10.48550/arxiv.1510.08262,,Negative Compressibility in Graphene-terminated Black Phosphorus Heterostructures,DSpace@MIT (Massachusetts Institute of Technology),W2587427998
W0100,E,WSe2 (K-dosed surface),TMD,ARPES with K surface doping,surface doping,ARPES,2015,10.1038/nnano.2015.217,,Negative Electronic Compressibility and Tunable Spin Splitting in WSe2,Nature Nanotechnology,W7145839998
W0101,N,,,,,negative linear compressibility review,2015,10.1039/c5cp00442j,1502.00846,Negative Linear Compressibility,Phys. Chem. Chem. Phys. 17 (2015) 20449-20465,
W0102,N,,,,,,2015,10.1038/srep13432,,Negative linear compressibility in a crystal of α-BiB3O6,Scientific Reports,W2413326116
W0103,U,polycrystalline VO2 film,oxide,,,,2015,10.1063/1.4930312,,Polycrystalline VO2 film characterization by quantum capacitance measurement,Applied Physics Letters,W1802466690
W0104,D,monolayer MoS2,TMD,capacitance and transport,low density,NEC not observed in this work,2015,10.1038/ncomms7088,1407.5365,Probing the electron states and metal-insulator transition mechanisms in molybdenum disulphide vertical heterostructures,Nature Communications,W2134011220
W0105,N,,,,,,2015,10.1063/1.4915512,1503.02818,Small membranes under negative surface tension,"J. Chem. Phys. 142, 124902 (2015)",
W0106,E,"Sr3Ir2O7, La-doped ((Sr1-xLax)3Ir2O7)",oxide (5d),ARPES with La doping,correlated bulk (Mott),"ARPES, quasi-3D",2015,10.1038/nmat4273,1409.8253,Spectroscopic evidence for negative electronic compressibility in a quasi-three-dimensional spin–orbit correlated metal,Nature Materials,W2162417208
W0107,N,,,,,,2015,10.1038/srep17980,1507.06068,Strain induced topological phase transitions in monolayer honeycomb structures of group-V binary compounds,"Scientific Reports 5, 17980 (2015)",
W0108,X,,,,,,2015,10.1038/ncomms8298,1511.05419,Strongly correlated two-dimensional plasma explored from entropy measurements,Nature Communications,W2269922709
W0109,NT,,,,,,2015,10.1039/c5tc01718a,,"Structural, optical, and electronic studies of wide-bandgap lead halide perovskites",Journal of Materials Chemistry C,W1845830087
W0110,N,,,,,metamaterial,2015,10.1038/ncomms14201,1510.06389,Transformable topological mechanical metamaterials,"Nature Communications 8, 14201 (2017)",
W0111,E,SrTiO3 surface (2DES),oxide,gate-dependent Hall density,surface 2DES,,2016,10.1038/srep25789,,Anomalous enhancement of the sheet carrier density beyond the classic limit on a SrTiO3 surface,Scientific Reports,W2377448504
W0112,T,topological superconductor nanowire,nanowire,theory (BdG numerics),topological phase transition,local NEC at impurity,2016,10.1103/physrevb.93.064512,1504.00013,Compressibility as a probe of quantum phase transitions in topological superconductors,Physical review. B./Physical review. B,W359116552
W0113,P,LaAlO3/SrTiO3 interface (dual-gate),oxide interface,dual-gate magnetotransport,interface 2DEG,NEC offered as interpretation,2016,10.1021/acs.nanolett.6b02348,1807.08345,Dual-Gate Modulation of Carrier Density and Disorder in an Oxide Two-Dimensional Electron System,Nano Letters,W2514286236
W0114,M,3D electron gas,model,,,,2016,10.1103/physrevb.94.245106,1611.06479,Emergence of an excitonic collective mode in the dilute electron gas,"Phys. Rev. B 94, 245106 (2016)",
W0115,NT,,,,,,2016,10.48550/arxiv.1610.02929,1610.02929,Engineering Quantum Confinement in Semiconducting van der Waals Heterostructure,arXiv (Cornell University),W2531392545
W0116,NT,,,,,,2016,10.1038/ncomms12955,1511.00077,Even–odd layer-dependent magnetotransport of high-mobility Q-valley electrons in transition metal disulfides,Nature Communications,W1908277819
W0117,E,Bi2Te3-type TI (Bi2Te3 surface),topological insulator,capacitance-voltage,device,NQC,2016,10.1063/1.4968183,,Experimental evidence of negative quantum capacitance in topological insulator for sub-60-mV/decade steep switching device,Applied Physics Letters,W2556259461
W0118,NT,,,,,,2016,10.1088/1367-2630/18/9/093034,,Giant spin-orbit torque and spin current generation in carriers at oxide interfaces,New Journal of Physics,W2523413705
W0119,NT,,,,,,2016,10.1088/2053-1591/3/7/075009,,Growth mechanism of largescale MoS2monolayer by sulfurization of MoO3film,Materials Research Express,W2535070951
W0120,X,,,,,,2016,10.1038/nnano.2016.242,1608.08950,"High electron mobility, quantum Hall effect and anomalous optical response in atomically thin InSe",Nature Nanotechnology,W2508979391
W0121,N,,,,,"PbF2, structural",2016,10.1103/physrevb.94.024104,,High-pressure polymorphism of PbF2 to 75 GPa,Physical review. B./Physical review. B,W2462852014
W0122,NT,,,,,,2016,10.1038/srep32632,,Infrared Spectroscopic Evidences of Strong Electronic Correlations in (Sr1−xLax)3Ir2O7,Scientific Reports,W2507726285
W0123,X,,,,,,2016,10.1103/physrevb.94.081403,1604.00496,Manifestation of nonlocal electron-electron interaction in graphene,Physical review. B./Physical review. B,W2339541080
W0124,X,,,,,,2016,10.1103/physrevb.94.201121,1707.06966,Nearly-free-electron system of monolayer Na on the surface of single-crystal HfSe2,Physical review. B./Physical review. B,W2558641155
W0125,DUP,WSe2 (K-dosed surface),TMD,,,APS abstract of W0100,2016,,,Negative Electronic Compressibility and Tuneable Spin Splitting in WSe 2,APS,W2390299293
W0126,E,"monolayer graphene (encapsulated gate, MIS)",graphene,capacitance-voltage,device,NQC device,2016,10.1002/aelm.201500297,,Negative Quantum Capacitance Effects in Metal–Insulator–Semiconductor Devices with Composite Graphene‐Encapsulated Gates,Advanced Electronic Materials,W2338654723
W0127,P,GaAs/AlGaAs 2DEG (bubble/stripe phases),III-V,microwave permittivity,quantum Hall (bubble/stripe),NEC inferred from negative permittivity,2016,10.48550/arxiv.1608.05210,1608.05210,Negative permittivity attests to local attractive interactions in bubble and stripe phases,arXiv (Cornell University),W2517965796
W0128,T,LaAlO3/SrTiO3 interface (and LaTiO3/SrTiO3),oxide interface,theory (self-consistent confinement),interface 2DEG,,2016,10.1103/physrevlett.116.026804,1506.04777,Phase Separation from Electron Confinement at Oxide Interfaces,Physical Review Letters,W621169927
W0129,DUP,,,,,cover image of W0126,2016,10.1002/aelm.201670019,,Quantum Capacitance: Negative Quantum Capacitance Effects in Metal–Insulator–Semiconductor Devices with Composite Graphene‐Encapsulated Gates (Adv. Electron. Mater. 4/2016),Advanced Electronic Materials,W2337189701
W0130,E,bilayer WSe2 (holes),TMD,magnetotransport (SdH),low density (holes),,2016,10.1103/physrevlett.116.086601,1602.01073,"Shubnikov–de Haas Oscillations of High-Mobility Holes in Monolayer and Bilayer WSe2 : Landau Level Degeneracy, Effective Mass, and Negative Compressibility",Physical Review Letters,W2263074700
W0131,X,,,,,,2016,10.1038/ncomms11711,1603.05207,Spin–valley locking in the normal state of a transition-metal dichalcogenide superconductor,Nature Communications,W2297040929
W0132,N,,,,,,2016,10.1063/1.4958953,,"Structural, optical, and electrical properties of SmNbO4",Journal of Applied Physics,W2502253622
W0133,NT,,,,,,2016,10.1088/2043-6262/7/4/043001,,Two-dimensional hexagonal semiconductors beyond graphene,Advances in Natural Sciences Nanoscience and Nanotechnology,W2524884753
W0134,X,,,,,,2016,10.1038/nphys3894,1604.08343,Universality of pseudogap and emergent order in lightly doped Mott insulators,Nature Physics,W2343718276
W0135,T,Bi2Te3-type TI (Bi2Te3 surface),topological insulator,device simulation,device,NQC device theory,2016,,,위상학적 절연체 내 음의 양자 정전용량을 활용한 저전력 반도체 소자 구현에 관한 이론 연구,대한전자공학회 학술대회,W2651342795
W0136,NT,,,,,,2017,10.1038/s41467-017-01522-3,,Anisotropic attosecond charge carrier dynamics and layer decoupling in quasi-2D layered SnS2,Nature Communications,W2765345452
W0137,X,,,,,,2017,10.1021/acs.nanolett.7b00317,1703.00157,Atomically Precise Lateral Modulation of a Two-Dimensional Electron Liquid in Anatase TiO2 Thin Films,Nano Letters,W2594604909
W0138,X,,,,,,2017,10.1103/physrevb.95.174109,1705.04720,Doping-driven structural distortion in the bilayer iridate (Sr1−xLax)3Ir2O7,Physical review. B./Physical review. B,W2614609283
W0139,M,2D electron liquid,model,,,electrically induced CDW,2017,10.1103/physrevb.96.075422,1705.06291,Electrically induced charge-density waves in a two-dimensional electron liquid: Effects of negative electronic compressibility,Physical review. B./Physical review. B,W2614399014
W0140,X,,,,,,2017,10.48550/arxiv.1709.05113,1709.05113,Electronic properties of WS$_2$ on epitaxial graphene on SiC(0001),arXiv (Cornell University),W2756280081
W0141,NT,,,,,,2017,10.1039/c7nr05495e,,Electronic properties of single-layer tungsten disulfide on epitaxial graphene on silicon carbide,Nanoscale,W2765201288
W0142,NT,,,,,,2017,10.1038/s41598-017-11910-w,,Inhomogeneous phases in coupled electron-hole bilayer graphene sheets: Charge Density Waves and Coupled Wigner Crystals,Scientific Reports,W2753990642
W0143,N,,,,,"Zn dicyanoaurate, mechanical",2017,,1702.05145,Large elastic recovery of zinc dicyanoaurate,,
W0144,U,TI surface state,topological insulator,,,,2017,10.1016/j.apsusc.2017.02.090,,Measurement of the quantum capacitance from two-dimensional surface state of a topological insulator at room temperature,Applied Surface Science,W2587810908
W0145,N,,,,,plasma,2017,10.1063/1.4978956,,Negative viscosity from negative compressibility and axial flow shear stiffness in a straight magnetic field,Physics of Plasmas,W2599972057
W0146,M,bilayer electron-hole plasma,model,,,,2017,10.1002/ctpp.201700107,,On the instability in the bilayer electron–hole plasma,Contributions to Plasma Physics,W2774640714
W0147,X,,,,,,2017,10.1103/physrevb.95.205101,1608.03625,Orbital and spin order in oxide two-dimensional electron gases,Physical review. B./Physical review. B,W2511128283
W0148,NT,,,,,,2017,10.1063/1.4973696,,Patterning of two-dimensional electron systems in SrTiO3 based heterostructures using a CeO2 template,AIP Advances,W2530612009
W0149,N,,,,,,2017,10.48550/arxiv.1711.07267,1711.07267,Phonons and Anomalous Thermal Expansion Behaviour in Crystalline Solids,arXiv (Cornell University),W2766050259
W0150,NT,,,,,,2017,10.1038/s41598-017-05613-5,,Possible electric field induced indirect to direct band gap transition in MoSe2,Scientific Reports,W2727794303
W0151,NT,,,,,,2017,10.1038/s41699-017-0007-5,,"Recent advances in synthesis, properties, and applications of phosphorene",npj 2D Materials and Applications,W2605783496
W0152,X,,,,,,2017,10.1088/1361-648x/aa63a7,1701.06293,Semiconductor-to-metal transition in the bulk of WSe 2 upon potassium intercalation,Journal of Physics Condensed Matter,W2963769546
W0153,U,bilayer graphene double layer,graphene,,,,2017,10.1088/2053-1583/aa7bcf,,Transport spectroscopy in bilayer graphene using double layer heterostructures,2D Materials,W2738677825
W0154,NT,,,,,,2018,10.3390/nano8050284,,A Perspective on the Application of Spatially Resolved ARPES for 2D Materials,Nanomaterials,W2797775894
W0155,T,phosphorene e-h double monolayer,2D semiconductor,theory (CDW model),electron-hole bilayer,NEC assumed,2018,10.1103/physrevb.98.245115,1811.12268,Anisotropic charge density wave in electron-hole double monolayers: Applied to phosphorene,Physical review. B./Physical review. B,W2903095434
W0156,N,,,,,,2018,10.1146/annurev-conmatphys-033117-054054,1808.00165,Antagonistic Phenomena in Network Dynamics,"Annu. Rev. Condens. Matter Phys. 9, 463-484 (2018)",
W0157,N,,,,,,2018,10.1021/acs.cgd.7b01512,,Experimental and Theoretical Study of Selectivity in Mechanochemical Cocrystallization of Nicotinamide with Anthranilic and Salicylic Acid,Crystal Growth & Design,W2793921591
W0158,NT,,,,,,2018,10.1088/1361-648x/aad261,,Giant conductance anisotropy in black phosphorene tuned by external electric field,Journal of Physics Condensed Matter,W2835352815
W0159,X,,,,,,2018,10.1038/s41567-017-0033-4,1705.04866,Giant spin-splitting and gap renormalization driven by trions in single-layer WS2/h-BN heterostructures,Nature Physics,W2616623234
W0160,NT,,,,,,2018,10.1038/s41467-018-04395-2,1805.08276,Large quantum-spin-Hall gap in single-layer 1T′ WSe2,Nature Communications,W2803953690
W0161,T,ionic-liquid-gated 2D superconductors (MoS2 etc.),TMD,theory (phase separation model),ionic-liquid gating,,2018,10.1103/physrevb.98.214507,1706.01274,Negative electronic compressibility and nanoscale inhomogeneity in ionic-liquid gated two-dimensional superconductors,Physical review. B./Physical review. B,W2897051193
W0162,E,"Bi2Te3-type TI (Bi2Te1.5Se1.5, MOS)",topological insulator,capacitance-voltage,device,NQC in MOS,2018,10.1016/j.apsusc.2018.09.051,,Negative quantum capacitance effect from Bi2Te1.5Se1.5 with frequency dependent capacitance of polyvinyl alcohol (PVA) film in MOS structure,Applied Surface Science,W2892224653
W0163,N,,,,,,2018,10.7936/k7nz872m,,Quantum Fields in Extreme Backgrounds,Open Scholarship Institutional Repository (Washington University in St. Louis),W2808420744
W0164,U,hydrogenated graphene,graphene,,,,2018,10.1038/s41467-018-03026-0,,Quantum and electrochemical interplays in hydrogenated graphene,Nature Communications,W2800651162
W0165,N,,,,,,2018,10.1016/j.jpcs.2018.10.004,,"Structural, spectroscopic, and thermodynamic characterization of ammonium oxalate monohydrate mineral using theoretical solid-state methods",Journal of Physics and Chemistry of Solids,W2895306378
W0166,E,bilayer MoS2,TMD,magnetotransport (Landau fan),low density,,2019,10.1103/physrevlett.123.117702,1904.09202,Absence of Interlayer Tunnel Coupling of K -Valley Electrons in Bilayer MoS2,Physical Review Letters,W2972972417
W0167,NT,,,,,,2019,10.1038/s41535-019-0183-y,,Doping induced Mott collapse and possible density wave instabilities in (Sr1−xLax)3Ir2O7,npj Quantum Materials,W2966946284
W0168,X,,,,,,2019,10.48550/arxiv.1905.06469,1905.06469,Doping induced Mott collapse and the density wave instabilities in (Sr$_{1-x}$La$_x$)$_3$Ir$_2$O$_7$,arXiv (Cornell University),W2945326976
W0169,X,,,,,,2019,10.1103/physrevb.99.045438,1812.04485,Dual quantum confinement and anisotropic spin splitting in the multivalley semimetal PtSe2,Physical review. B./Physical review. B,W2903968139
W0170,NT,,,,,,2019,10.1103/physrevb.100.115409,,Electron and hole transport in disordered monolayer MoS2 : Atomic vacancy induced short-range and Coulomb disorder scattering,Physical review. B./Physical review. B,W2971779379
W0171,X,,,,,,2019,10.1103/physrevlett.123.046601,1903.10492,Electronic Compressibility of Magic-Angle Graphene Superlattices,Physical Review Letters,W2951512225
W0172,X,,,,,,2019,10.1038/s41467-019-10672-5,1905.05062,High sensitivity variable-temperature infrared nanoscopy of conducting oxide interfaces,Nature Communications,W2949384316
W0173,NT,,,,,,2019,10.1038/s41467-019-08629-9,1805.06686,Intrinsic valley Hall transport in atomically thin MoS2,Nature Communications,W2803173446
W0174,T,capacitors with free-electron-like metal electrodes,metal,DFT,metal electrodes,DFT,2019,10.1103/physrevb.99.235127,1902.04316,Mechanisms to enhance the capacitance beyond the classical limits in capacitors with free-electron-like electrodes,Physical review. B./Physical review. B,W2952405716
W0175,M,Hubbard model,model,,,,2019,10.1088/1402-4896/ab401a,1905.02929,Negative electron compressibility in the Hubbard model,Physica Scripta,W2970185005
W0176,D,graphene/h-BN nanocapacitor,graphene,electrostatic modeling,device,refutes NQC origin of W0079,2019,10.1039/c9ra00614a,,Origin of the anomalous size-dependent increase of capacitance in boron nitride–graphene nanocapacitors,RSC Advances,W2922242273
W0177,X,,,,,,2019,10.1088/1361-648x/ab1831,1803.01382,Oxygen vacancies and hydrogen doping in LaAlO 3 /SrTiO 3 heterostructures: electronic properties and impact on surface and interface reconstruction,Journal of Physics Condensed Matter,W2792195013
W0178,X,,,,,,2019,10.1103/physrevlett.122.116601,1903.09949,Probing the Melting of a Two-Dimensional Quantum Wigner Crystal via its Screening Efficiency,Physical Review Letters,W2923367377
W0179,E,GaAs double quantum well (FET),III-V,capacitance and magnetocapacitance,low density; quantum Hall,,2019,10.1134/s002136401918005x,,Quantum Effects in the Capacitance of Field-Effect Transistors with a Double Quantum Well,Journal of Experimental and Theoretical Physics Letters,W2990075118
W0180,N,,,,,,2019,10.7936/9wjz-8165,,Spatial Navigation Ability as a Predictor of Increased Clinical Impairment,Open Scholarship Institutional Repository (Washington University in St. Louis),W2916714981
W0181,NT,,,,,,2019,10.48550/arxiv.1912.07176,1912.07176,Transfer current in p-type graphene/MoS2 heterostructures,arXiv (Cornell University),W2996195268
W0182,NT,,,,,,2019,10.1088/1361-648x/ab04c7,,Tuning spin–orbit coupling in 2D materials for spintronics: a topical review,Journal of Physics Condensed Matter,W2912393782
W0183,R,3D NEC (perspective),oxide,,,,2020,10.1007/s10948-019-05325-z,,3D Negative Electronic Compressibility as a New Emergent Phenomenon,Journal of Superconductivity and Novel Magnetism,W2997046118
W0184,E,GaAs double quantum well,III-V,magnetotransport (QHE),low density,,2020,10.1088/1361-6641/ab9324,2002.05402,A novel planar back-gate design to control the carrier concentrations in GaAs-based double quantum wells,Semiconductor Science and Technology,W3024426364
W0185,N,,,,,,2020,10.1038/s41467-020-19219-5,,Anomalous mechanical materials squeezing three-dimensional volume compressibility into one dimension,Nature Communications,W3096760091
W0186,N,,,,,cavity bosons,2020,,2003.08057,Anomalous thermodynamics of lattice Bose gases in optical cavities,,
W0187,X,,,,,,2020,10.1103/physrevb.101.045433,1911.00530,"Atomistic T -matrix theory of disordered two-dimensional materials: Bound states, spectral properties, quasiparticle scattering, and transport",Physical review. B./Physical review. B,W2982966830
W0188,N,,,,,auxetics,2020,10.1002/pssb.202000496,,Auxetics and Other Systems with “Negative” Characteristics,physica status solidi (b),W4237095514
W0189,N,,,,,Fermi-Bose cold-atom mixture,2020,10.1103/physrevresearch.2.023291,1912.00132,Coupled first-order transitions and unconventional superfluidity in a Fermi-Bose mixture,Physical Review Research,W2990082027
W0190,M,2D electron-hole fluids,model,,,,2020,10.1103/physrevb.102.085154,2006.09937,Electrically controlled two-dimensional electron-hole fluids,Physical review. B./Physical review. B,W3035951679
W0191,M,2D electron channel,model,,,,2020,10.48550/arxiv.2008.01324,2008.01324,Electrically induced charge-density waves in a two-dimensional electron channel: Beyond the Local Density Approximation,arXiv (Cornell University),W3046933276
W0192,M,multiorbital Hubbard (Hund's metals),model,,,,2020,10.1103/physrevb.102.205127,2009.04304,Enhancement of charge instabilities in Hund's metals by breaking of rotational symmetry,Physical review. B./Physical review. B,W3083872658
W0193,N,,,,,,2020,10.1108/jbim-12-2019-0513,,Friends or strangers? Attempts at reactivating buyer–supplier relationships,Journal of Business and Industrial Marketing,W3043380058
W0194,M,Hubbard-Kanamori model,model,,,,2020,10.1088/1402-4896/aba923,2005.09901,"Hubbard-Kanamori model: spectral functions, negative electron compressibility, and susceptibilities",Physica Scripta,W3026835586
W0195,E,"BiFeO3, La-doped (Bi0.95La0.05FeO3)",oxide,UPS with UV-light doping + capacitance,surface doping,"UPS, UV doping",2020,10.1038/s41598-020-61859-6,,Interplay of negative electronic compressibility and capacitance enhancement in lightly-doped metal oxide Bi0.95La0.05FeO3 by quantum capacitance model,Scientific Reports,W3011628459
W0196,N,,,,,,2020,10.1029/2020gl089599,,Liquid‐Vapor Coexistence and Critical Point of Mg2SiO4 From Ab Initio Simulations,Geophysical Research Letters,W3070801977
W0197,N,,,,,,2020,10.3390/ma13081890,,Negative Effective Mass in Plasmonic Systems,Materials,W3013771381
W0198,N,,,,,,2020,10.3390/ma13163512,,Negative Effective Mass in Plasmonic Systems II: Elucidating the Optical and Acoustical Branches of Vibrations and the Possibility of Anti-Resonance Propagation,Materials,W3044736927
W0199,E,MoS2 (mono/bilayer),TMD,capacitance,low density,capacitance enhancement,2020,10.48550/arxiv.2002.01114,2002.01114,Negative compressibility in MoS2 capacitance,arXiv (Cornell University),W3004550505
W0200,NT,,,,,,2020,10.1103/physrevx.10.021024,,Observation of Quantized Exciton Energies in Monolayer WSe2 under a Strong Magnetic Field,Physical Review X,W3043153469
W0201,M,3D homogeneous electron fluid,model,,,,2020,10.48550/arxiv.2010.05367,2010.05367,On the Colloidal Phase of the Homogeneous Electron Fluid,arXiv (Cornell University),W3092176938
W0202,X,,,,,diamond capacitance enhancement attributed to DOS,2020,10.1016/j.apsusc.2020.146795,2002.11026,Orientation-dependent electric transport and band filling in hole co-doped epitaxial diamond films,Applied Surface Science,W3006799485
W0203,R,oxide phase separation,model,,,review,2020,10.3390/condmat5040065,2010.15895,Phase Separation and Pairing Fluctuations in Oxide Materials,Condensed Matter,W3093145685
W0204,NT,,,,,,2020,10.3390/condmat5020032,,Polaronic States and Superconductivity in WO3-x,Condensed Matter,W3021498187
W0205,NT,,,,,,2020,10.21203/rs.3.rs-95219/v1,,Probing the nature of an emergent insulator in ionic gated monolayer transition metal dichalcogenides,Research Square,W3115692274
W0206,X,,,,,,2020,10.1088/1367-2630/ab976e,1905.05606,Protected superconductivity at the boundaries of charge-density-wave domains,New Journal of Physics,W2945631936
W0207,M,Yukawa-SYK model,model,,,,2020,10.1103/physrevresearch.2.033084,2005.07205,Quantum Phase Transition in the Yukawa-SYK Model,"Phys. Rev. Research 2, 033084 (2020)",
W0208,N,,,,,,2020,10.1088/1361-648x/ab8250,1906.07467,Screening nature of the van der Waals density functional method: a review and analysis of the many-body physics foundation,Journal of Physics Condensed Matter,W3013635770
W0209,X,,,,,,2020,10.1038/s41699-020-00175-z,2009.08706,Synthesis of epitaxial monolayer Janus SPtSe,npj 2D Materials and Applications,W3087620914
W0210,N,,,,,,2020,10.7566/jpsj.90.023701,2010.09192,Theory of the Strain Engineering of Graphene Nanoconstrictions,"J. Phys. Soc. Jpn. 90, 023701 (2021)",
W0211,NT,,,,,,2020,10.1038/s41467-020-16817-1,,Versatile construction of van der Waals heterostructures using a dual-function polymeric film,Nature Communications,W3042765681
W0212,X,,,,,,2020,10.1103/physrevmaterials.4.044003,2004.08674,Working principles of doping-well structures for high-mobility two-dimensional electron systems,Physical Review Materials,W3017250667
W0213,M,classical one-component plasma,model,,,,2021,10.1103/physreve.104.015202,2104.00523,Anomalous behavior of plasma response functions at strong coupling,"Phys. Rev. E 104, 015202 (2021)",
W0214,M,2D Hubbard model,model,,,,2021,10.1103/physrevb.103.165117,,Breakdown of charge homogeneity in the two-dimensional Hubbard model: Slave-boson study of magnetic order,Physical review. B./Physical review. B,W3155655378
W0215,T,twisted bilayer graphene (magic-angle),graphene,theory (heavy-fermion model),moire flat band,,2021,10.1103/physrevlett.127.266402,2104.01145,Cascades between Light and Heavy Fermions in the Normal State of Magic-Angle Twisted Bilayer Graphene,Physical Review Letters,W3140674682
W0216,X,,,,,,2021,10.1103/physrevresearch.3.l022009,2007.14441,Controlling exciton many-body states by the electric-field effect in monolayer MoS2,Physical Review Research,W3159120382
W0217,NT,,,,,,2021,10.1016/j.cap.2021.03.008,,Controlling spin-orbit coupling strength of bulk transition metal dichalcogenide semiconductors,Current Applied Physics,W3147466247
W0218,NT,,,,,,2021,10.1038/s41467-021-22886-7,2006.10730,Edge channels of broken-symmetry quantum Hall states in graphene visualized by atomic force microscopy,Nature Communications,W3043109143
W0219,NT,,,,,,2021,10.3929/ethz-b-000492322,,Electron transport in dual-gated three-layer,Repository for Publications and Research Data (ETH Zurich),W3163456867
W0220,NT,,,,,,2021,10.1103/physrevresearch.3.023047,,Electron transport in dual-gated three-layer MoS2,Physical Review Research,W3160056816
W0221,NT,,,,,,2021,10.3390/nano11081888,,Finite-Frequency Dissipation in Two-Dimensional Superconductors with Disorder at the Nanoscale,Nanomaterials,W3186734442
W0222,E,rhombohedral trilayer graphene,graphene,capacitance,"flat band (van Hove), displacement field",,2021,10.1038/s41586-021-03938-w,2104.00653,Half and quarter metals in rhombohedral trilayer graphene,Nature 598 (2021) 429-433,
W0223,DUP,Ta2NiSe5,excitonic insulator,,,preprint of W0279,2021,10.21203/rs.3.rs-1066131/v1,,Lattice fluctuation induced pseudogap in quasi-one-dimensional Ta2NiSe5,Research Square,W3213120190
W0224,X,,,,,,2021,10.1103/physrevb.104.l121110,2108.12367,Melting phase diagram of bubble phases in high Landau levels,Physical review. B./Physical review. B,W3200858581
W0225,DUP,LaAlO3/SrTiO3 interface,oxide interface,,,APS abstract of W0233,2021,,,Negative electronic compressibility in multi-band 2D electron gases with application to LaAlO 3 /SrTiO 3,Bulletin of the American Physical Society,W3165581522
W0226,E,"GaAs double quantum well (wide/double, dual-gate FET)",III-V,capacitance and magnetocapacitance,quantum Hall bilayer,,2021,10.1134/s1027451021060070,,Quantum Capacitance of a Dual-Gate Field-Effect Transistor,Journal of Surface Investigation X-ray Synchrotron and Neutron Techniques,W4200395224
W0227,NT,,,,,,2021,10.1007/s40820-021-00710-7,,Recent Progress in Emerging Two-Dimensional Transition Metal Carbides,Nano-Micro Letters,W3194957792
W0228,N,,,,,,2021,10.3390/condmat6010006,,Scaling of Phase Diagram and Critical Point Parameters in Liquid-Vapour Phase Transition of Metallic Fluids,Condensed Matter,W3111202588
W0229,E,Ti3CNTx MXene,MXene,XPS core-level shift,surface doping,core-level shift,2021,10.1063/5.0039918,,Spectroscopic signature of negative electronic compressibility from the Ti core-level of titanium carbonitride MXene,Applied Physics Reviews,W3147834835
W0230,P,III-V quantum well (indirect excitons),III-V,photocapacitance,indirect excitons,NQC from photocapacitance,2021,10.1016/j.mtelec.2023.100039,2107.13518,Tailoring Quantum Oscillations of Excitonic Schrodinger Cats as Qubits,arXiv (Cornell University),W3183371207
W0231,X,,,,,,2021,10.1103/physrevresearch.3.043036,2107.08878,Theory of cross quantum capacitance,Physical Review Research,W3186315192
W0232,E,monolayer graphene (QH),graphene,capacitance (chemical potential),quantum Hall,,2021,10.1038/s41567-021-01421-x,2103.00015,Thermodynamics of free and bound magnons in graphene,Nature Physics,W3162659593
W0233,T,LaAlO3/SrTiO3 interface,oxide interface,theory (multiband Hartree-Fock),interface 2DEG,,2021,10.1103/physrevb.103.125141,2102.00548,Understanding the onset of negative electronic compressibility in single-band and two-band two-dimensional electron gases: Application to LaAlO3/SrTiO3,Physical review. B./Physical review. B,W3127173214
W0234,X,,,,,,2021,10.1038/s41524-021-00665-8,2107.08197,Valley-filling instability and critical magnetic field for interaction-enhanced Zeeman response in doped WSe2 monolayers,npj Computational Materials,W3183787898
W0235,N,,,,,,2022,10.21883/pss.2022.10.54240.378,,Ab initio study of the compressibility and electronic properties of a molecular organic crystal C-=SUB=-8-=/SUB=-H-=SUB=-10-=/SUB=-O-=SUB=-2-=/SUB=-,Physics of the Solid State,W4318063945
W0236,M,two-band Hubbard model,model,,,,2022,10.1103/physrevb.105.245118,2204.04081,Bad metal and negative compressibility transitions in a two-band Hubbard model,Physical review. B./Physical review. B,W4223576900
W0237,X,,,,,,2022,10.48550/arxiv.2207.11319,2207.11319,Biexciton crystal in a two-dimensional semiconductor heteropentalayer,arXiv (Cornell University),W4288055835
W0238,D,LaAlO3/SrTiO3 interface,oxide interface,capacitance,interface 2DEG,"capacitance suppression, extrinsic phase separation dominates",2022,10.1103/physrevb.106.054205,,Capacitive probing of electronic phase separation in an oxide two-dimensional electron system,Physical review. B./Physical review. B,W4291902319
W0239,NT,,,,,,2022,10.1103/physrevb.105.075417,,Excited-state band structure mapping,Hispana,W4213198036
W0240,M,two-orbital Hubbard model,model,,,,2022,10.48550/arxiv.2204.02116,2204.02116,Extended regime of coexisting metallic and insulating phases in a two-orbital electronic system,arXiv (Cornell University),W4225752290
W0241,X,,,,,,2022,10.1088/0256-307x/39/9/097301,2201.06203,Finite Capacitive Response at the Quantum Hall Plateau,Chinese Physics Letters,W4289109052
W0242,P,graphite/h-BN aligned interface,graphene,capacitance and transport,quantum Hall (surface states),NEC invoked for surface FQH states,2022,10.48550/arxiv.2211.16420,2211.16420,Mixing of surface and bulk electronic states at a graphite-hexagonal boron nitride interface,arXiv (Cornell University),W4310514427
W0243,N,,,,,BEC,2022,,2206.11785,Negative Compressability of Non-Equilibrium Non-Ideal Bose--Einstein Condensate,,
W0244,N,,,,,,2022,10.1016/j.molliq.2022.119169,,O:H N bond cooperativity in the energetic TATB under mechanical and thermal perturbation,Journal of Molecular Liquids,W4224079113
W0245,R,2D electron systems phase separation,model,,,review,2022,10.1134/s0021364022601828,2303.01393,Phase Separation in Two-Dimensional Electron Systems: Experimental View (Brief Review),Journal of Experimental and Theoretical Physics Letters,W4297267273
W0246,M,Hubbard + phonons,model,,,,2022,10.1142/s0217979222500813,2010.00218,Phonon-assisted phase separation in strongly correlated systems,International Journal of Modern Physics B,W3090733717
W0247,N,,,,,,2022,10.31635/ccschem.022.202201989,,Pressure-Induced Intermetallic Charge Transfer and Semiconductor-Metal Transition in Two-Dimensional AgRuO 3,CCS Chemistry,W4224219383
W0248,N,,,,,,2022,10.3390/universe8050291,,Quantum Capacity and Vacuum Compressibility of Spacetime: Thermal Fields,Universe,W4224911199
W0249,X,,,,,,2022,10.1103/physrevapplied.18.024032,2110.03257,Radio-Frequency C - V Measurements with Subattofarad Sensitivity,Physical Review Applied,W3203743969
W0250,NT,,,,,,2022,10.1103/physrevb.105.245114,,Spectroscopic evidence of highly correlated electrons in VSe2,Physical review. B./Physical review. B,W4281901524
W0251,U,2D quantum coupling stacks (steep-slope FET),TMD,,,,2022,10.1088/1361-6528/ac9e5e,,Steep-slope transistors enabled with 2D quantum coupling stacks,Nanotechnology,W4307757816
W0252,N,,,,,,2022,10.1021/acsami.2c04314,,Turning Molecular Springs into Nano-Shock Absorbers: The Effect of Macroscopic Morphology and Crystal Size on the Dynamic Hysteresis of Water Intrusion–Extrusion into-from Hydrophobic Nanopores,ACS Applied Materials & Interfaces,W4281752858
W0253,E,MoS2 (gate stack NQCFET),TMD,device (NQC FET),device,,2023,10.1007/s11432-023-3763-3,,A novel negative quantum capacitance field-effect transistor with molybdenum disulfide integrated gate stack and steep subthreshold swing for ultra-low power applications,Science China Information Sciences,W4377245707
W0254,X,,,,,,2023,10.1021/acs.nanolett.3c01173,2304.01931,ARPES Signatures of Few-Layer Twistronic Graphenes,Nano Letters,W4378470459
W0255,N,,,,,,2023,10.26434/chemrxiv-2023-9slr1,,"Base-pairing of uracil and 2,6-diaminopurine: from cocrystals to photoreactivity",ChemRxiv,W4381738414
W0256,N,,,,,,2023,10.1038/s41467-024-49136-w,2310.07580,Bubbles enable volumetric negative compressibility in metastable elastocapillary systems,,
W0257,E,monolayer graphene (high-LL bubble phases),graphene,chemical potential measurement,quantum Hall (bubble phases),,2023,10.48550/arxiv.2309.04319,2309.04319,Cascade of multi-electron bubble phases in monolayer graphene at high Landau level filling,arXiv (Cornell University),W4386620878
W0258,NT,,,,,,2023,10.3390/condmat8030054,2305.03404,Charge-Density Waves vs. Superconductivity: Some Results and Future Perspectives,Condensed Matter,W4382583553
W0259,T,rhombohedral multilayer graphene,graphene,theory (Hartree-Fock + correlation),"flat band, displacement field",,2023,10.1103/physrevb.108.l041101,2304.07467,Chirality and correlations in the spontaneous spin-valley polarization of rhombohedral multilayer graphene,Physical review. B./Physical review. B,W4383217639
W0260,X,,,,,,2023,10.1103/physrevb.108.125411,2210.06310,Deep learning extraction of band structure parameters from density of states: A case study on trilayer graphene,Physical review. B./Physical review. B,W4386608375
W0261,N,,,,,,2023,10.1021/acs.jpclett.3c01943,,Discriminative Mechanical and Thermal Response of the H–N Bonds for the Energetic LLM-105 Molecular Assembly,The Journal of Physical Chemistry Letters,W4386861288
W0262,NT,,,,,,2023,10.1103/physrevresearch.5.l022016,,Extended regime of metastable metallic and insulating phases in a two-orbital electronic system,Physical Review Research,W4366982258
W0263,N,,,,,,2023,10.20517/microstructures.2023.63,,First-principles study on the negative/zero area compressibility in Ag3BO3 with “wine-rack” architecture,Microstructures,W4390428497
W0264,X,,,,,,2023,10.48550/arxiv.2306.10978,2306.10978,Formation of spin-orbital entangled 2D electron gas in layer delta-doped bilayer iridate La$_δ$Sr$_3$Ir$_2$O$_7$,arXiv (Cornell University),W4381571030
W0265,N,,,,,,2023,,2312.07568,"From Microscale Variations to Macroscopic Effects: Directional Actuation, Phase Transition, and Negative Compressibility in Microfiber-Based Shape-Morphing Networks",,
W0266,P,"GaAs double quantum well (wide well, QH)",III-V,magnetotransport,quantum Hall,NEC proposed as cause,2023,10.1134/s0021364023601367,,Giant Spatial Redistribution of Electrons in a Wide Quantum Well Induced by Quantizing Magnetic Field,Journal of Experimental and Theoretical Physics Letters,W4385449445
W0267,E,monolayer graphene (gate of MoS2 NQCFET),graphene,device (NQC FET),device,,2023,10.1109/ted.2023.3294365,,Graphene-Integrated Negative Quantum Capacitance Field-Effect Transistor With Sub-60-mV/dec Switching,IEEE Transactions on Electron Devices,W4385061818
W0268,NT,,,,,,2023,10.1360/sspma-2023-0127,,In-situ sample tuning in angle-resolved photoemissionspectroscopy,Zhongguo kexue. Wulixue Lixue Tianwenxue,W4368351845
W0269,N,,,,,active matter,2023,,2307.14970,Learning locally dominant force balances in active particle systems,,
W0270,E,WSe2/WS2 moire,TMD,chemical potential sensing,moire flat band,,2023,10.48550/arxiv.2308.08134,2308.08134,Measurements of Correlated Insulator Gaps in a Transition Metal Dichalcogenide Moiré Superlattice,arXiv (Cornell University),W4385965625
W0271,X,,,,,,2023,10.48550/arxiv.2309.04166,2309.04166,Metastable Charge Distribution Between Degenerate Landau Levels,arXiv (Cornell University),W4386614561
W0272,U,graphite/h-BN moire surface,graphene,,,Nature version of W0242,2023,10.1038/s41586-023-06264-5,,Mixing of moiré-surface and bulk states in graphite,Nature,W4384819444
W0273,NT,,,,,,2023,,,Models of nanoelectronic devices based on graphene and other 2D-materials of system NANODEV,Репозиторий БГУИР (BSUIR Repository),W7112999722
W0274,NT,,,,,,2023,10.1007/s40820-023-01204-4,,NH3-Induced In Situ Etching Strategy Derived 3D-Interconnected Porous MXene/Carbon Dots Films for High Performance Flexible Supercapacitors,Nano-Micro Letters,W4387729226
W0275,NT,,,,,,2023,10.1073/pnas.2314212120,,Next-generation even-denominator fractional quantum Hall states of interacting composite fermions,Proceedings of the National Academy of Sciences,W4389944921
W0276,U,bilayer electron systems,III-V,,,,2023,10.1103/physrevb.107.l041302,,Nonequilibrium phenomena in bilayer electron systems,Physical review. B./Physical review. B,W4317035545
W0277,N,,,,,,2023,,2305.03114,Ordering/displacive ferrielectricity in 2D CuInP$_2$S$_6$,,
W0278,NT,,,,,,2023,10.3390/photonics10070810,,Regulating Terahertz Photoconductivity in Two-Dimensional Materials,Photonics,W4384201449
W0279,E,Ta2NiSe5,excitonic insulator,ARPES with K surface doping,surface doping,K-dosed ARPES,2023,10.1103/physrevresearch.5.043089,2203.06817,Role of electron-phonon coupling in excitonic insulator candidate Ta 2 NiSe 5,Physical Review Research,W4388205036
W0280,X,,,,,,2023,10.1103/physrevb.108.235124,2309.04582,Shear Bernstein modes in a two-dimensional electron liquid,Physical review. B./Physical review. B,W4389379404
W0281,X,,,,,,2023,10.21468/scipostphys.15.6.239,2304.07117,Superfluid response of two-dimensional filamentary superconductors,SciPost Physics,W4366233361
W0282,U,electron-hole fluids in vdW heterostructures,TMD,,,,2023,10.1038/s41467-023-43799-7,,Thermodynamic behavior of correlated electron-hole fluids in van der Waals heterostructures,Nature Communications,W4389682712
W0283,E,twisted MoTe2 (moire),TMD,chemical potential sensing (optical),moire flat band (FCI),,2023,10.1038/s41586-023-06452-3,2305.00973,Thermodynamic evidence of fractional Chern insulator in moiré MoTe2,Nature,W4385295632
W0284,M,Rashba-Hubbard model,model,,,,2023,10.1103/physrevb.107.224427,2303.12142,Transient dynamics and quantum phase diagram for the square lattice Rashba-Hubbard model at arbitrary hole doping,Physical review. B./Physical review. B,W4382140261
W0285,X,,,,,,2023,10.1103/physrevb.108.l241110,2309.03961,Upper bound on the window of density occupied by microemulsion phases in two-dimensional electron systems,Physical review. B./Physical review. B,W4389767194
W0286,X,,,,,,2023,10.48550/arxiv.2310.07751,2310.07751,Wigner crystallization in Bernal bilayer graphene,arXiv (Cornell University),W4387634831
W0287,X,,,,,,2024,10.1021/acs.nanolett.4c03493,2407.15725,A Backgate for Enhanced Tunability of Holes in Planar Germanium,Nano Letters,W4403393656
W0288,E,monolayer graphene (NQC phototransistor),graphene,device (NQC phototransistor),device,,2024,10.1002/adom.202401465,,An Ultrasensitive Programmable 2D Photoelectric Synaptic Transistor,Advanced Optical Materials,W4402557988
W0289,E,monolayer WSe2 (holes),TMD,scanning SET,quantum Hall (holes),scanning SET,2024,10.1103/physrevx.14.031018,2401.01486,Anomalous Landau Level Gaps Near Magnetic Transitions in Monolayer WSe 2,Physical Review X,W4401212347
W0290,R,doped Mott insulators,oxide,,,energy storage perspective,2024,10.48550/arxiv.2407.13172,2407.13172,Chemical Potential Shift in Doped Mott-insulators for Energy Storage Applications,arXiv (Cornell University),W4402346219
W0291,T,La3Ni2O7 under pressure,oxide (nickelate),many-body theory,"correlated bulk (nickelate, high pressure)",,2024,10.1103/physrevb.109.165154,2308.09698,Correlation effects and concomitant two-orbital s ± -wave superconductivity in La 3 Ni 2 O 7 under high pressure,Physical review. B./Physical review. B,W4395665710
W0292,T,twisted bilayer graphene (magic-angle),graphene,DMFT,moire flat band,DMFT,2024,10.1103/physrevx.14.031045,2309.08529,Dynamical Correlations and Order in Magic-Angle Twisted Bilayer Graphene,Physical Review X,W4402454629
W0293,U,twisted bilayer graphene (magic-angle),graphene,,,,2024,10.1039/d4nr02824d,,Electronic confinement induced quantum dot behavior in magic-angle twisted bilayer graphene,Nanoscale,W4405699153
W0294,E,"bilayer graphene (Bernal, FQH)",graphene,capacitance,quantum Hall (FQH),,2024,10.1103/physrevlett.132.046603,2308.05729,Energy Gap of the Even-Denominator Fractional Quantum Hall State in Bilayer Graphene,Physical Review Letters,W4391253639
W0295,E,"BiFeO3, Cu-doped (BiFe0.95Cu0.05O3 film)",oxide,electrochemical charge-discharge,battery electrode coating,Li-ion cathode coating,2024,10.1063/5.0210841,,Enhanced energy density of LiNi0.5Mn0.3Co0.2O2 batteries with negative-electronic-compressibility thin film coating,Applied Physics Letters,W4400985526
W0296,NT,,,,,,2024,10.3390/catal14010035,,Enhancement of Carrier Migration by Monolayer MXene Structure in Ti3CN/TiO2 Heterojunction to Achieve Efficient Photothermal Synergistic Transformation of CO2,Catalysts,W4390498952
W0297,NT,,,,,,2024,10.1021/acs.nanolett.4c04544,,Enhancing Resonant Second-Harmonic Generation in Bilayer WSe2 by Layer-Dependent Exciton-Polaron Effect,Nano Letters,W4404235823
W0298,NT,,,,,,2024,10.1038/s41565-024-01732-z,2404.00695,Even-integer quantum Hall effect in an oxide caused by a hidden Rashba effect,Nature Nanotechnology,W4400889396
W0299,X,,,,,,2024,10.1103/physrevlett.132.146402,2309.03268,Floquet Fermi Liquid,Physical Review Letters,W4393853951
W0300,R,Coulomb gap / 2DEG,model,,,review,2024,10.48550/arxiv.2403.19793,2403.19793,Half century of Efros-Shklovskii Coulomb gap. Romance with Coulomb interaction and disorder,arXiv (Cornell University),W4393793157
W0301,E,monolayer graphene (QH),graphene,charge sensing,quantum Hall,charge sensing,2024,10.48550/arxiv.2410.10961,2410.10961,High spatial resolution charge sensing of quantum Hall states,Institutional Repositories DataBase (IRDB),W4403573087
W0302,X,,,,,,2024,10.1021/acsnano.4c07805,2406.08025,"Holstein Polarons, Rashba-Like Spin Splitting, and Ising Superconductivity in Electron-Doped MoSe2",ACS Nano,W4399657318
W0303,X,,,,,,2024,10.1103/physrevb.110.165119,2404.04757,Infinite Grassmann time-evolving matrix product operator method for zero-temperature equilibrium quantum impurity problems,Physical review. B./Physical review. B,W4403204534
W0304,X,,,,,,2024,10.1103/physrevb.110.085132,2407.09746,Low-energy peak in the one-particle spectral function of the electron gas at metallic densities,Physical review. B./Physical review. B,W4400702809
W0305,N,,,,,,2024,10.1038/s41467-024-52853-x,2410.07489,Metamaterials with Negative Compressibility Highlight Evolving Interpretations and Opportunities,"Nature Communications 15, 8573 (2024)",
W0306,E,twisted bilayer graphene (charge islands),graphene,Coulomb blockade spectroscopy,moire flat band,,2024,10.1103/physrevb.109.155430,2403.17840,Negative electronic compressibility in charge islands in twisted bilayer graphene,Physical review. B./Physical review. B,W4393247964
W0307,NT,,,,,,2024,10.1038/s41598-024-52351-6,,Non-KAM classical chaos topology for electrons in superlattice minibands determines the inter-well quantum transition rates,Scientific Reports,W4392370234
W0308,X,,,,,,2024,10.1038/s41567-023-02349-0,2401.13886,Observation of possible excitonic charge density waves and metal–insulator transitions in atomically thin semimetals,Nature Physics,W4391168614
W0309,E,WSe2/WS2 moire (optical sensing),TMD,chemical potential sensing (optical),moire flat band,,2024,10.1038/s41566-024-01377-3,2304.09514,Optical readout of the chemical potential of two-dimensional electrons,Nature Photonics,W4391262375
W0310,NT,,,,,,2024,10.1021/acsnano.4c05726,,Quantum-Confined Lifshitz Transition on Weyl Semimetal Td-MoTe2,ACS Nano,W4401633546
W0311,NT,,,,,,2024,10.1038/s41467-024-47821-4,2304.10237,Revealing hidden spin polarization in centrosymmetric van der Waals materials on ultrafast timescales,Nature Communications,W4395693792
W0312,NT,,,,,,2024,10.48550/arxiv.2406.13859,2406.13859,Room-temperature Ferroelectric Control of 2D Layered Magnetism,arXiv (Cornell University),W4399911250
W0313,M,lowest Landau level,model,,,,2024,10.1103/physrevresearch.6.023210,2310.20659,Strange metal to insulator transitions in the lowest Landau level,Physical Review Research,W4398781468
W0314,N,,,,,,2024,10.1038/s41467-024-51396-5,,Temperature and volumetric effects on structural and dielectric properties of hybrid perovskites,Nature Communications,W4402077844
W0315,M,two-band Hubbard model,model,,,,2024,10.1103/physrevlett.133.066502,2309.11108,Thermodynamic Stability at the Two-Particle Level,Physical Review Letters,W4401389126
W0316,NT,,,,,,2024,10.1002/cey2.609,,Two‐dimensional carbonitride MXenes: From synthesis to properties and applications,Carbon Energy,W4402481766
W0317,T,rhombohedral trilayer graphene,graphene,theory (mean-field),"flat band, displacement field",,2024,10.1103/physrevb.109.l060409,2308.01996,Unconventional metallic ferromagnetism: Nonanalyticity and sign-changing behavior of orbital magnetization in rhombohedral trilayer graphene,Physical review. B./Physical review. B,W4392099123
W0318,E,bilayer WSe2 (weakly coupled),TMD,magnetotransport (Landau level),low density (holes),,2024,10.1088/2053-1583/ad6b80,,Valley landau level crossings in weakly coupled bilayer WSe2,2D Materials,W4401370339
W0319,DUP,,,,,preprint of W0357,2025,,2508.18365,3D microwave imaging of a van der Waals heterostructure,,
W0320,N,,,,,,2025,10.22541/au.175373281.17678886/v1,,"A Unified Survey of Grand Challenges and Open Problems at the Intersection of Physics, Mathematics and Computation",,W4412705102
W0321,X,,,,,,2025,10.1038/s41699-025-00526-8,2312.00440,Charge doping into spin minority states mediates doubling of TC in ferromagnetic CrGeTe3,npj 2D Materials and Applications,W4406453741
W0322,NT,,,,,,2025,10.1103/c325-kgbf,,Detecting the topological phase transition in superconductor-semiconductor hybrids by electronic Raman spectroscopy,Physical review. B./Physical review. B,W4415971644
W0323,E,graphene/h-BN moire superlattice,graphene,capacitance,moire flat band,,2025,10.1103/75gl-jzl6,2408.11220,Displacement Field-Controlled Fractional Chern Insulators and Charge Density Waves in a Graphene/hBN Moiré Superlattice,Physical Review X,W4405425582
W0324,NT,,,,,,2025,10.1021/acsami.5c08807,,Effects of Etching and Delamination on Biocompatibility of Ti-Based MXenes,ACS Applied Materials & Interfaces,W4413273381
W0325,X,,,,,,2025,10.1021/acs.nanolett.4c06492,2409.08154,Gate-Defined Single-Electron Transistors in Twisted Bilayer Graphene,Nano Letters,W4409419716
W0326,N,,,,,,2025,10.1016/j.xcrp.2025.102450,,Giant negative area compressibility in layered Sn4P3 with enhanced superconductivity,Cell Reports Physical Science,W4407741054
W0327,E,"bilayer graphene (Bernal, FQH)",graphene,tunnelling spectroscopy (STM),quantum Hall (FQH),tunnelling spectroscopy,2025,10.1038/s41567-025-02830-y,2308.05789,High-resolution tunnelling spectroscopy of fractional quantum Hall states,Nature Physics,W4408673423
W0328,NT,,,,,,2025,10.1021/acs.nanolett.5c02270,,Influence of X Elements on the Tribological Properties and Surface Chemistry of MXene Atomic Layers,Nano Letters,W4411113666
W0329,D,vdW magnet,other,ARPES and core-level,surface doping,NEC ruled out,2025,10.1038/s41467-025-56457-x,2403.13897,Large exciton binding energy in a bulk van der Waals magnet from quasi-1D electronic localization,Nature Communications,W4406930014
W0330,N,,,,,,2025,10.1021/jacs.5c08464,,Negative Compressibility Transitions in Hybrid Metal Oxides,Journal of the American Chemical Society,W4412409027
W0331,P,monolayer MoS2,TMD,unknown (abstract unavailable),unknown,"title claim only, abstract unavailable",2025,10.1016/j.physb.2025.418022,,Negative electronic compressibility in MoS 2 monolayers,Physica B Condensed Matter,W4416155007
W0332,NT,,,,,,2025,10.3390/photonics12121211,,Optical Tamm States in a Metal–Distributed Bragg Reflector Structure Incorporating a Monolayer MoS2,Photonics,W4417120545
W0333,NT,,,,,,2025,10.3390/molecules30163344,,Prediction of Solute Segregation at Metal/Oxide Interfaces Using Machine Learning Approaches,Molecules,W4413201834
W0334,E,MoS2 (bulk surface),TMD,ARPES/XPS with surface doping,surface doping,,2025,10.1088/2053-1583/ada622,2409.11886,Reversal of charge transfer doping on the negative electronic compressibility surface of MoS2,2D Materials,W4406124031
W0335,N,,,,,,2025,10.1002/ctpp.70013,,Rotons and Ghost Plasmons in Binary and Ternary Ionic Mixtures,Contributions to Plasma Physics,W4410039329
W0336,E,twisted bilayer graphene (STS),graphene,STS,moire flat band (Hofstadter),STS Hofstadter,2025,10.1038/s41586-024-08550-2,2501.04777,Spectroscopy of the fractal Hofstadter energy spectrum,Nature,W4407957610
W0337,U,metals and doped semiconductors,model,,,theory,2025,10.1103/physrevb.111.094307,,Static Born charges and quantum capacitance in metals and doped semiconductors,Physical review. B./Physical review. B,W4408538063
W0338,NT,,,,,,2025,10.1093/nsr/nwaf156,,Time reversal symmetry-protected transport at correlated oxide interfaces,National Science Review,W4410145854
W0339,X,,,,,,2025,10.1073/pnas.2407995122,2403.20067,Tuning Fermi liquids with polaritonic cavities,Proceedings of the National Academy of Sciences,W4413043513
W0340,NT,,,,,,2025,10.1103/2hwx-5bg8,2605.20671,Tuning the low-energy band structure in twisted bilayer WSe 2,Physical review. B./Physical review. B,W7111157766
W0341,E,WTe2 (Weyl floating gate),TMD,device (NQC FET),device,NQC,2025,10.1021/acsnano.5c00221,,Two-Dimensional Weyl Material-Based Negative Quantum Capacitance Effect for a Steep-Slope Hysteresis-Free Switching Device,ACS Nano,W4409961727
W0342,NT,,,,,,2025,10.48550/arxiv.2512.16631,2512.16631,Wigner polarons reveal Wigner crystal dynamics in a monolayer semiconductor,arXiv (Cornell University),W4417530944
W0343,X,,,,,,2026,10.48550/arxiv.2604.09798,2604.09798,Anyon molecules in fractional quantum Hall states,arXiv (Cornell University),W7154308804
W0344,N,,,,,cosmology,2026,10.1051/0004-6361/202660004,2609.33673,Dark energy and negative compressibility of the Universe: A study based on cosmic equations of state,"A&A 713, A181 (2026)",
W0345,NT,,,,,,2026,10.1016/j.newton.2026.100401,2503.17947,Dimensional band engineering in asymmetrical van der Waals heterostructures,Newton,W7128722001
W0346,E,SrTiO3 surface (UV-doped),oxide,ARPES with UV-light doping,surface doping,KTaO3 shows no NEC,2026,10.48550/arxiv.2604.21783,2604.21783,Direct observation of surface bandgap shrinkage and negative electronic compressibility in SrTiO3,arXiv (Cornell University),W7155527616
W0347,DUP,,,,,SSRN version of W0346,2026,10.2139/ssrn.6237959,,Direct observation of two-dimensional bandgap shrinkage and negative electronic compressibility in SrTiO3,SSRN Electronic Journal,W7128923204
W0348,E,double-layer graphene (Coulomb-coupled trilayer),graphene,capacitance,quantum Hall (lowest Landau level),LLL NEC background,2026,10.48550/arxiv.2608.28381,2608.28381,Electrically Tunable Two-Component Exciton Condensate in a Coulomb-Coupled Graphene Trilayer,arXiv (Cornell University),W7204844109
W0349,N,,,,,,2026,,2603.06867,Empirical signatures of velocity and density cascades in the Local Universe probed by the CosmicFlows4 dataset,,
W0350,NT,,,,,,2026,10.1103/jpf1-4zdk,,Entropy of Strongly Correlated Electrons in a Partially Filled Landau Level,Physical Review X,W7127965585
W0351,E,double-layer graphene (ZLL),graphene,capacitance,quantum Hall (zero Landau level),,2026,10.48550/arxiv.2608.28338,2608.28338,Evidence for Three-component Interlayer Coherent Exciton Condensation,arXiv (Cornell University),W7204836990
W0352,X,,,,,,2026,10.48550/arxiv.2609.11138,2609.11138,Fingerprints of Excitonic Collective Modes in the Two-Dimensional Electron Gas,arXiv (Cornell University),W7212211179
W0353,M,electron bilayers (capacitance),model,,,,2026,10.48550/arxiv.2607.27406,2607.27406,Fluctuation electrodynamics of quantum capacitance in electron bilayers,arXiv (Cornell University),W7171921900
W0354,X,,,,,,2026,10.48550/arxiv.2606.17191,2606.17191,How twist angle inhomogeneity masks the BKT transition and the order parameter symmetry,arXiv (Cornell University),W7165060821
W0355,NT,,,,,,2026,10.1021/acsami.5c21803,,Internal Interfaces in Exfoliated MoS 2 Exhibit Junction-like Behavior,ACS Applied Materials & Interfaces,W7123342219
W0356,X,,,,,,2026,10.1103/x2mz-hm8y,2509.19436,"Interplay between many-body correlations, strain, and lattice relaxation in twisted bilayer graphene",Physical review. B./Physical review. B,W4416255963
W0357,E,double-layer graphene,graphene,microwave impedance microscopy,quantum Hall,microwave imaging,2026,10.1021/acs.nanolett.5c06452,,Layer-Resolved Microwave Imaging of a van der Waals Heterostructure,Nano Letters,W7160410459
W0358,E,WTe2 (Weyl floating gate),TMD,device (NQC photonic synapse),device,NQC,2026,10.1021/acsnano.5c19004,,Negative Quantum Capacitance-Driven Photonic Synapse with Ultralow Energy Consumption and Year-Scale Retention,ACS Nano,W7131348475
W0359,NT,,,,,,2026,10.1021/acsnano.5c22009,,Negative Schottky Barriers and Spin-Polarized Fermi Crossings at WSe 2 /NbSe 2 Interfaces,ACS Nano,W7131362242
W0360,P,NbOCl2 surface,other,ARPES,surface doping,NEC offered as possible cause,2026,10.1038/s43246-025-01070-0,2601.16688,Observation of an isolated flat band in the van der Waals crystal NbOCl2,Communications Materials,W7120948422
W0361,M,mass-asymmetric e-h bilayers,model,,,,2026,10.48550/arxiv.2601.07729,2601.07729,Prediction of superconductivity in mass-asymmetric electron-hole bilayers,arXiv (Cornell University),W7123960419
W0362,M,2DEG with exchange,model,,,,2026,10.1103/gpgn-g1p5,2512.15456,Role of the exchange-Coulomb potential in two-dimensional electron transport,Physical review. B./Physical review. B,W7134831253
W0363,X,,,,,,2026,10.48550/arxiv.2608.09283,2608.09283,Size-Dependent Band-Tail Localization in Oxide Semiconductors Revealed by Direct Density-of-States Mapping,arXiv (Cornell University),W7202211620
W0364,NT,,,,,,2026,10.1103/fwjg-mx9h,,Slow Quasiparticle Dynamics and Anyonic Statistics in a Fractional Quantum Hall Fabry-Pérot Interferometer,Physical Review X,W7119508511
W0365,X,,,,,,2026,10.1038/s41567-026-03395-0,2512.16552,Spectroscopy of Wigner crystal polarons in an atomically thin semiconductor,Nature Physics,W4417530718
W0366,NT,,,,,,2026,10.48550/arxiv.2605.29730,2605.29730,"Spin-Orbit Coupling Effects on the Structural and Electronic Properties of Planar Pentagonal p-MS$_{2}$ (M = Si, Ge, and Pb)",arXiv (Cornell University),W7162765288
W0367,X,,,,,,2026,10.1103/xsr9-l7ll,2605.19212,Transconductance as a probe of valley thermodynamics in multilayer WSe 2,Physical review. B./Physical review. B,W7169062252
W0368,T,rhombohedral multilayer graphene,graphene,theory (Hartree-Fock),"flat band, displacement field",,2026,10.1103/xq6w-96vg,2512.23082,Various electronic crystal phases in rhombohedral graphene multilayers,Physical review. B./Physical review. B,W7141063326
W0369,N,,,,,not scientific,2026,10.5281/zenodo.23005357,,反重力魔角Anti-Gravity Modulation in Magic-Angle Graphene: A Condensed-Matter Test Bench for the Microscopic Mechanism of Gravity and an Analysis of the 10% Effect,Zenodo (CERN European Organization for Nuclear Research),W7214645322
A0001,T,carbon nanotube (FET),1D carbon,device simulation,device,device simulation; added from carbon search,2012,10.1109/iscas.2012.6271955,,Exploiting negative quantum capacitance of carbon nanotube FETs for low power applications,ISCAS 2012,
A0002,P,graphene/h-BN nanocapacitor,graphene,DFT,device,"DFT nanocapacitor claim, low-tier journal; added from carbon search",2016,10.13005/ojc/320120,,A nano capacitor with graphene electrodes and Methane - (h-BN)insulator,Oriental Journal of Chemistry,
A0003,N,,,,,"Sc3N@C80-cubane negative volume compressibility, structural not electronic",2020,10.1021/jacs.0c01703,,Negative Volume Compressibility in Sc3N@C80-Cubane Cocrystal with Charge Transfer,JACS,
