doi,year,precursor,carbon_material,verdict,signature,note,title
10.1021/acsomega.2c06449,2022,okara (soybean residue),"B,N-codoped hierarchical porous carbon",T-QC,quantum capacitance (DFT),"First-principles C_Q is positive and is raised by B,N codoping. C_Q limits the anode in CDI. No NEC.",Ultrahigh Content Boron and Nitrogen Codoped Hierarchically Porous Carbon Obtained from Biomass Byproduct Okara for Capacitive Deionization
10.1016/j.cej.2026.173353,2026,bamboo,porous carbon,U,capacitance enhancement (defects),"Abstract links capacitance to defect density, i.e. a likely DOS/quantum-capacitance effect. Full text not accessible. Worth reading.",Defect density-driven capacitance enhancement in bamboo porous carbon: Semi-quantitative disorder evaluation and green synthesis
10.1021/acsomega.5c05285,2025,wood apple shell,KOH activated carbon,N,negative capacitance (EIS),"""Most negative capacitance (~-0.025 F)"" is the sign convention of C(f) from impedance, not electronic NEC.",Green Synthesis of Biomass-Derived Activated Carbon from Wood Apple Shell for Enhanced Electrochemical Energy Storage
10.3390/nano10020353,2020,gelatin,N-doped porous carbon,N,anomalous capacitance,Ionic confinement in sub-1.5 nm pores (over-screening suppressed). Electrolyte effect.,Electrolyte-Dependent Supercapacitor Performance on Nitrogen-Doped Porous Bio-Carbon from Gelatin
10.1039/d0ra01100b,2020,spent battery graphite (not biomass),graphene,N,"""electronic compressibility""",Phrase used loosely for optical absorbance of graphite. Not biomass and not NEC.,Facile synthesis of battery waste-derived graphene for transparent and conductive film application by an electrochemical route
10.3390/ma15082741,2022,steam-exploded poplar,KOH/urea porous carbon,X,quantum capacitance (cited),N doping cited as adding quantum capacitance. Nothing measured.,Porous Carbon Material Derived from Steam-Exploded Poplar for Supercapacitor: Insights into Synergistic Effect of KOH and Urea
10.3390/nano15020083,2025,biomass (N-doped carbon),N-doped porous carbon,X,quantum capacitance (cited),Pyridinic/pyrrolic N raise DOS and reduce the quantum-capacitance limit (cited).,Transition Metal-Mediated Preparation of Nitrogen-Doped Porous Carbon for Advanced Zinc-Ion Hybrid Capacitors
10.1038/s41467-025-56694-0,2025,N/O-doped carbon,N-doped carbon,X,density of states (DFT),DFT DOS near E_F used to argue conductivity for CDI. No capacitance-sign analysis.,Unveiling the neglected role of oxygen doping in nitrogen-doped carbon for enhanced capacitive deionization performance
10.1039/d3ra03605g,2023,biomass + metallurgical slag,activated carbon,X,capacitance enhancement,Generic performance wording.,Activating biomass carbon with metallurgical slag by pyrolysis in molten salt for high-performance supercapacitors
10.1039/d3ra08910j,2024,mango leaf,activated carbon,X,capacitance enhancement,Generic performance wording.,Sustainable energy storage: Mangifera indica leaf waste-derived activated carbon for long-life high-performance supercapacitors
10.1038/s41598-017-11229-6,2017,urine,heteroatom-doped porous carbon,X,capacitance enhancement,Generic performance wording (pyridinic/pyrrolic N).,Urine to highly porous heteroatom-doped carbons for supercapacitor: A value added journey for human waste
10.1021/acs.chemrev.5c00719,2026,review,porous carbons,R,quantum capacitance,"Review. C_total^-1 = C_Q^-1 + C_E^-1 + C_EDL^-1. A butterfly-shaped CV signals a quantum-capacitance contribution. No biomass NEC reported.",Advancing Porous Carbons: Understanding the Importance of Surface Chemistry for the Energy-Environment Nexus
10.1021/acs.chemrev.6c00037,2026,review,porous carbons,R,quantum capacitance / anomalous capacitance,Review. Dopants add states near E_F and raise C_Q. Anomalous capacitance comes from sub-nm pore confinement (ionic).,Synthetic Porous Carbons for High-Energy High-Power Supercapacitors
10.1002/advs.202523038,2026,review,porous carbon (Na-ion capacitors),R,quantum capacitance,Review. Defects and co-doping raise DOS and C_Q.,Review: Insight on Porous Carbon Positive Electrode for Sodium-Ion Capacitors
10.3390/ma18020456,2025,review,carbon supercapacitor electrodes,R,quantum capacitance,Review. Topological defects and N doping raise C_Q.,Structural Regulation and Performance Enhancement of Carbon-Based Supercapacitors: Insights into Electrode Material Engineering
10.3389/fchem.2019.00274,2019,review,biomass-derived porous carbon,R,anomalous capacitance,Review. Pore-size (ionic) effects only.,Biomass-Derived Porous Carbon Materials for Supercapacitor
10.34133/research.0900,2025,cellulose nanofibril,CNF-MXene aerogel,N,negative compressibility (mechanical),Mechanical metamaterial property. Not electronic.,Mechanical/Thermomechanical-Electromagnetic Multifunctional Cellulose Nanofibril-MXene Aerogel-Based Metamaterials
