carbon_forms,adsorption / water treatment,none,soil / agronomy,supercapacitor,energy fuel (gasification/bio-oil),sensing,fluorescence / bioimaging,electrocatalysis (ORR/OER/HER/CO2RR),biomedical,catalyst support / catalysis,CO2 / gas capture,photocatalysis,Na-ion battery,Li-ion battery,microwave absorption / EMI,solar steam / thermal,capacitive deionization,Li-S / metal-S battery,Zn-ion / hybrid capacitor,K-ion battery
biochar,6511,2563,2393,193,1546,222,216,215,130,277,198,215,20,39,58,128,51,10,8,3
activated carbon,7409,2493,1149,1333,469,188,107,200,183,232,406,187,23,93,71,54,91,31,42,13
porous carbon,1305,535,623,1636,114,160,30,434,46,119,234,47,91,216,169,67,82,113,109,27
carbon dots,517,369,95,58,21,963,1308,63,662,81,4,241,6,6,5,35,7,0,6,1
carbon (generic),717,1578,132,197,402,100,34,140,48,88,31,52,23,61,79,105,40,23,14,10
graphitic carbon / graphite,657,398,198,330,72,139,86,224,60,88,32,86,136,141,46,40,17,14,13,19
graphene / graphene-like,448,420,92,319,44,206,54,138,131,48,23,71,36,58,65,72,28,18,10,6
hydrochar,623,457,141,50,316,16,27,21,11,22,26,26,4,4,0,6,3,0,2,0
carbon nanofibers / fibers,228,344,65,226,25,74,16,100,28,23,16,26,36,64,61,23,15,19,9,10
carbon nanotubes,173,205,37,96,28,82,13,116,43,38,14,4,13,29,50,39,12,14,4,2
carbon aerogel / foam / sponge,221,127,69,176,17,50,2,58,11,24,18,15,6,16,79,52,12,6,5,1
hard carbon,82,65,47,31,7,1,1,4,2,2,4,1,516,82,1,1,0,1,9,27
carbon spheres,92,89,26,72,13,16,6,26,13,11,6,11,10,23,7,5,1,3,4,1
carbon nanosheets,49,46,22,115,2,12,4,65,8,10,3,4,15,17,13,3,4,6,17,7
