precursor_categories,activated carbon,biochar,porous carbon,carbon (generic),carbon dots,graphitic carbon / graphite,graphene / graphene-like,hydrochar,carbon nanofibers / fibers,carbon nanotubes,carbon aerogel / foam / sponge,hard carbon,carbon spheres,carbon nanosheets
isolated biopolymer,1782,1192,1123,818,964,623,799,203,749,265,403,188,168,99
agricultural residue,2665,3606,626,701,224,314,248,285,86,79,63,68,40,27
biomass (unspecified),2221,2196,1325,698,594,428,322,316,113,135,126,211,92,107
wood/forestry,1660,1868,458,629,102,312,154,204,125,221,76,119,33,23
nut shell/fruit stone,2814,1223,353,328,122,213,179,81,54,55,34,64,8,18
fruit/vegetable peel,981,687,242,160,306,93,79,116,13,22,34,27,12,13
waste stream,430,1195,103,188,54,53,38,267,7,7,10,7,8,6
leaves/grass/plant,500,674,244,158,158,113,70,77,50,34,26,33,13,16
algae/aquatic,205,480,79,74,57,48,35,96,5,13,9,2,0,2
animal-derived,210,202,171,73,117,56,44,23,36,22,18,12,12,25
food/beverage waste,320,344,70,53,54,36,19,72,5,6,5,12,0,2
microbial/fungal,96,98,84,74,42,24,40,8,122,16,33,5,7,5
